"","Organization Name English","Organization Name/ ორგანიზაცია","Organization Status","სერვისი/service tags for sheaghe ","ცენტრის დასახელება/name of the center","Program Name/ ქვეპროგრამა","Target Group/ სამიზნე ჯგუფი","Name of Contact Person / ხელმძღვანელი/საკონტაქტო პირი","Website/facebook","email/ელ-მისამართი","phone/ ტელეფონი","Region/რეგიონი","Municipality Name/ მისამართი/ადმ ერთ","Address/ მისამართი"
"1","Batumi Education, Development and Employment Center","ბათუმის განათლების, განვითარების და დასაქმების ცენტრი","ა(ა)იპ","სერვისები ბავშვებისათვის ; Children  ","ბათუმის დღის ცენტრი -ბათუმის განათლების განვითარების და და დასაქმების ცენტრი/ Batumi Day center - BEDEC","დღის ცენტრი","შშმ ბავშვები","მაია ქათამაძე","https://bedecorg.wordpress.com/ ","maya.katamadze@gmail.com","593730293","აჭარა","ბათუმი","თამარ მეფის გამზ. პირველი შესახვევი N4","41.44273","45.79102","თამარ მეფის გამზ. პირველი შესახვევი 4","თამარ მეფის გამზ. პირველი შესახვევი 4, ბათუმი, აჭარა, Georgia"
"2","Medical Association Tana","სამედიცინო ასოციაცია თანა","ა(ა)იპ","სერვისები ბავშვებისათვის ; Children  ","","დღის ცენტრი","შშმ ბავშვები","ნანა საყვარელიძე","https://www.facebook.com/SameditsinoAsotsiatsiaTanaMedicaAssociationTana/?hc_ref=ARRvWcQu1szp_UrzWrk7etWu0m0NWuo4GhWkMUmFiuRlTWm1WztxOtlEpwVvYeC31qE","tanabatumi@gmail.com","577107915; 599586988","აჭარა","ბათუმი","სათნოების ქუჩის I ჩიხი N5","41.44273","45.79102","სათნოების ქუჩის I ჩიხი 5","სათნოების ქუჩის I ჩიხი 5, ბათუმი, აჭარა, Georgia"
"","Society ""Biliki""","საზოგადოება ""ბილიკი""","ა(ა)იპ","სერვისები ბავშვებისათვის ; Children  ","მშვიდობის გამზირზე არსებული დღის ცენტრი/Day center on  Mshvidobis avenue","დღის ცენტრი","მიტოვების რისკის ქვეშ მყოფი ბავშვები","მარინე მღებრიშვილი","https://www.facebook.com/societybiliki; http://www.biliki.ge/index.php/ka-ge; ","contact@biliki.ge","0370275410; 0370277291; 599534035","შიდა ქართლი","გორი","მშვიდობის გამზ. N12","41.44273","45.79102","მშვიდობის გამზ. 12","მშვიდობის გამზ. 12, გორი, შიდა ქართლი, Georgia"
"4","Society ""Biliki""","საზოგადოება ""ბილიკი""","ა(ა)იპ","სერვისები ბავშვებისათვის ; Children  ","რუსთაველზე არსებული დღის ცენტრი/ Day center on Rustaveli street","დღის ცენტრი","მიტოვების რისკის ქვეშ მყოფი ბავშვები","მარინე მღებრიშვილი","https://www.facebook.com/societybiliki ; http://www.biliki.ge/index.php/ka-ge","contact@biliki.ge","0370275410; 0370277291; 599534035","შიდა ქართლი","გორი","რუსთაველის 19ა","41.9801822","44.1078946","რუსთაველის 19ა","რუსთაველის 19ა, გორი, შიდა ქართლი, Georgia"
"5","Welfare and Development Center","კეთილდღეობისა და განვითარების ცენტრი","ა(ა)იპ","სერვისები ბავშვებისათვის ; Children  ","გორის დღის ცენტრი შშმ ბავშვებისვის/ Gori Day center for Children with Disabilities","დღის ცენტრი","შშმ ბავშვები","თინა ბრეგვაძე","http://www.cso.ge/view_ngo.php?slug=goris-invalidta-klubi; https://www.facebook.com/GoriWDC; ","tina-1@rambler.ru","0370279825; 599792572; 558900559","შიდა ქართლი","გორი","თარხნიშვილის N20","41.9887253","44.0938937","თარხნიშვილის 20","თარხნიშვილის 20, გორი, შიდა ქართლი, Georgia"
"6","Welfare and Development Center","კეთილდღეობისა და განვითარების ცენტრი","ა(ა)იპ","ზრდასრულთა მომსახურება;Adult","გორის დღის ცენტრი შშმ პირებისთვის /Gori Day center for People with Disabilities","დღის ცენტრი","შშმ პირები ","თინა ბრეგვაძე","http://www.cso.ge/view_ngo.php?slug=goris-invalidta-klubi; https://www.facebook.com/GoriWDC/;","tina-1@rambler.ru","0370279825; 599792572","შიდა ქართლი","გორი","თარხნიშვილის ქ.N20ა","41.9887253","44.0938937","თარხნიშვილის 20ა","თარხნიშვილის 20ა, გორი, შიდა ქართლი, Georgia"
"7","Life Line","Life Line","ა(ა)იპ","ზრდასრულთა მომსახურება;Adult","","დღის ცენტრი","შშმ პირები ","შოთა წიკლაური","","lifelinege@gmail.com","555385583; 593147805","კახეთი","გურჯაანი","ერეკლე მეორის ქ.N15","41.44273","45.79102","ერეკლე მეორის 15","ერეკლე მეორის 15, გურჯაანი, კახეთი, Georgia"
"8","Vani's disable childrens day center ""Nateli Momavali""","ვანის შშმ ბავშვთა დღის ცენტრი ნათელი მომავალი","ა(ა)იპ","სერვისები ბავშვებისათვის ; Children  ","","დღის ცენტრი","შშმ ბავშვები","ნინო ჩახუნაშვილი","","ninochachunashvili@gmail.com","595850920","","ვანი","ჯორჯიაშვილის 34","42.0834477","42.5111703","ჯორჯიაშვილის 34","ჯორჯიაშვილის 34, ვანი, , Georgia"
"9","Union of Orion","კავშირი ორიონი","ა(ა)იპ","სერვისები ბავშვებისათვის ; Children  ","","დღის ცენტრი","შშმ ბავშვები","ნანა ფერაძე","http://ccy.ge/members/kavshiri-orioni/; ","orioni.orioni@gmail.com","599133181; 492253402","იმერეთი","ზესტაფონი","წერეთლის ქ. N2","42.105238","43.0348948","წერეთლის  2","წერეთლის 2, ზესტაფონი, იმერეთი, Georgia"
"10","SOS Children's Villages Gerogia","ასოციაცია საქართველოს ეს-ო-ეს ბავშვთა სოფელი","ა(ა)იპ","სერვისები ბავშვებისათვის ; Children  ","","დღის ცენტრი","მიტოვების რისკის ქვეშ მყოფი ბავშვები","ზვიად ბერძენიშვილი","http://www.sos-childrensvillages.ge/; ","zviad.berdzenishvili@sos-kd.ge","2204283","სამეგრელო","ზუგდიდი","რუსთაველის 93, მე-3 სართული","41.44273","45.79102","რუსთაველის 93, მე-3 სართული","რუსთაველის 93, მე-3 სართული, ზუგდიდი, სამეგრელო, Georgia"
"11","Promotion of rehabilitation of disabled children and adolescents ""Nergebi""","ინვალიდ ბავშვთა და მოზარდთა რეაბილიტაციის ხელშეწყობა ""ნერგები""","ა(ა)იპ","სერვისები ბავშვებისათვის ; Children  ","ზუგდიდის დღის ცენტრის პროგრამა -ნერგები/ Zugdidi day center program Nergebi","დღის ცენტრი","შშმ ბავშვები","იამზე ალფენიძე","","luka86@rambler.ru","579344423","სამეგრელო","ზუგდიდი","რუსთაველის 192","42.5089133","41.8671739","რუსთაველის 192","რუსთაველის 192, ზუგდიდი, სამეგრელო, Georgia"
"12","New Steps","ახალი ნაბიჯები","ა(ა)იპ","სერვისები ბავშვებისათვის ; Children  ","","დღის ცენტრი","მიტოვების რისკის ქვეშ მყოფი ბავშვები; შშმ ბავშვები","ნინო ქუმსიაშვილი","https://www.facebook.com/%E1%83%90%E1%83%AE%E1%83%90%E1%83%9A%E1%83%98-%E1%83%9C%E1%83%90%E1%83%91%E1%83%98%E1%83%AF%E1%83%94%E1%83%91%E1%83%98-%E1%83%93%E1%83%A6%E1%83%98%E1%83%A1-%E1%83%AA%E1%83%94%E1%83%9C%E1%83%A2%E1%83%A0%E1%83%98-1646220935639170/","nkumsiashvili@yahoo.com","599531650; 577331650","თბილისი","თბილისი","ვარკეთილი 3, 3მ/რ, 180-ე საჯარო სკოლა","41.44273","45.79102","ვარკეთილი 3, 3მ/რ, 180-ე საჯარო სკოლა","ვარკეთილი 3, 3მ/რ, 180-ე საჯარო სკოლა, თბილისი, , Georgia"
"13","Child and Environment","ბავშვი და გარემო","ა(ა)იპ","სერვისები ბავშვებისათვის ; Children  ","ცისარტყელა/ Rainbow","დღის ცენტრი","მიტოვების რისკის ქვეშ მყოფი ბავშვები; შშმ ბავშვები;მიუსაფარი ბავშვები","ნინო იაშვილი","http://www.childandenvironment.org.ge/g_home.html","bavshvidagaremo@yahoo.com","577405403; ","თბილისი","თბილისი","აბასთუმნის ქ. N4","41.44273","45.79102","აბასთუმნის  4","აბასთუმნის 4, თბილისი, , Georgia"
"14","Day Center ""Lazare""","დღის ცენტრი ლაზარე","ა(ა)იპ","სერვისები ბავშვებისათვის ; Children  ","","დღის ცენტრი","მიტოვების რისკის ქვეშ მყოფი ბავშვები","მაკა ნადირაძე","https://www.facebook.com/profile.php?id=100009253128475","lazarecenter@gmail.com","593305524; 593122223","თბილისი","თბილისი","სოფელი გლდანი. ხიდის ქ.4","41.44273","45.79102","სოფელი გლდანი. ხიდის 4","სოფელი გლდანი. ხიდის 4, თბილისი, , Georgia"
"15","Charity Foundation Caritas Georgia","საქველმოქმედო ფონდი საქართველოს კარიტასი","ა(ა)იპ","სერვისები ბავშვებისათვის ; Children  ","თბილისის მიტოვების რისკის ქვეშ მყოფი ბავშვები კარიტასი/ Tbilisi Center for Children under the risk of abendoment Caritas ","დღის ცენტრი","მიტოვების რისკის ქვეშ მყოფი ბავშვები","თამარ შარაშიძე","http://caritas.ge/en/take-action; ","tamar.sharashidze@caritas.ge","2693413; 591229701","თბილისი","თბილისი","თორნიკე ერისთავის ქ. N2დ","41.7499919","44.7859222","თორნიკე ერისთავის  2დ","თორნიკე ერისთავის 2დ, თბილისი, , Georgia"
"16","Charity Foundation ""Chemi Sakhli""","საქველმოქმედო ფონდი ჩემი სახლი","ა(ა)იპ","სერვისები ბავშვებისათვის ; Children  ","","დღის ცენტრი","მიტოვების რისკის ქვეშ მყოფი ბავშვები","ნატო დურგლიშვილი","https://www.facebook.com/%E1%83%A1%E1%83%90%E1%83%A5%E1%83%95%E1%83%94%E1%83%9A%E1%83%9B%E1%83%9D%E1%83%A5%E1%83%9B%E1%83%94%E1%83%93%E1%83%9D-%E1%83%A4%E1%83%9D%E1%83%9C%E1%83%93%E1%83%98-%E1%83%A9%E1%83%94%E1%83%9B%E1%83%98-%E1%83%A1%E1%83%90%E1%83%AE%E1%83%9A%E1%83%98-759392420795986/","nineligza@gmail.com","593278857; 599652324","თბილისი","თბილისი","ნიკოლოზ ყიფშიძის 13-ა","41.7142215","44.758931","ნიკოლოზ ყიფშიძის 13-ა","ნიკოლოზ ყიფშიძის 13-ა, თბილისი, , Georgia"
"17","Poverty Reduction and Emergency Assistance Davit Kintsurashvili's Charity Fund ""Momavlis Gza""","სიღარიბის დაძლევა და გადაუდებელი დახმარება დავით კინწურაშვილის საქველმოქმედო ფონდი მომავლის გზა","ა(ა)იპ","სერვისები ბავშვებისათვის ; Children  ","","დღის ცენტრი","მიტოვების რისკის ქვეშ მყოფი ბავშვები","დავით კინწურაშვილი","https://www.facebook.com/dkf.ge/posts/991466614253567 ","gzamomavlis@gmail.com","596108484; 596063000","თბილისი","თბილისი","წინამძღვრიშვილის 49","41.7199533","44.7934603","წინამძღვრიშვილის 49","წინამძღვრიშვილის 49, თბილისი, , Georgia"
"18","First Step Georgia","პირველი ნაბიჯი საქართველო","ა(ა)იპ","სერვისები ბავშვებისათვის ; Children  ","","დღის ცენტრი;ადრეული განვითარება;ბინაზე მოვლა","მძიმე და ღრმა გონებრივი განვითარების შეფერხების მქონე შშმ ბავშვი ;ბავშვები 0-7 წლამდე ასაკის;ბავშვები 6-18 წლამდე ასაკის","დირექტორი  თამარ ზაალიშვილი;თაკა ნოზაძე","https://www.facebook.com/firststepgeorgia/ ","t.zaalisvili@firststep.ge; gdemeso@gmail.com;  k.japaridze@firststep.ge; takanozadze@gmail.com; rusudanbochorishvili@gmail.com; nakashidzenatia@gmail.com","2603604; 591516145; 568117688; 568480014;568480015","თბილისი","თბილისი","ლუბლიანას 21","41.78377175","44.7747157591335","ლუბლიანას 21","ლუბლიანას 21, თბილისი, , Georgia"
"19","Association Anika","ასოციაცია ანიკა","ა(ა)იპ","სერვისები ბავშვებისათვის ; Children  ;ზრდასრულთა მომსახურეობა; Adult","","დღის ცენტრი","შშმ ბავშვები;შშმ პირები ","ირინა ინასარიძე","https://www.facebook.com/AssociationAnika; http://anika.ge/?lang=ka","geo_anika@yahoo.com","2694536; 2694591; 599510595; 551776005","თბილისი","თბილისი","ცოტნე დადიანის ქ.N136","41.7378996","44.7952553","ცოტნე დადიანის 136","ცოტნე დადიანის 136, თბილისი, , Georgia"
"22","Child, Family, Society","ბავშვი, ოჯახი, საზოგადოება","ა(ა)იპ","სერვისები ბავშვებისათვის ; Children ;ზრდასრულთა მომსახურება;Adult","თბილისის დღის ცენტრი შშმ ბავშვებისთვის და პირებისთვის -ბავშვი, ოჯახი, საზოგადოება/ Tbilisi day center for children and  people with disabilities - Child, family, society","დღის ცენტრი","შშმ ბავშვები;შშმ პირები ","მაია ბიბილეიშვილი","http://childfamilysociety.ge/ka/; https://www.facebook.com/childfamilysociety/","mabibi50@hotmail.com","577715609","თბილისი","თბილისი","ვაჟა-ფშაველას გამზ.76 ბ, მე-3 სართული, ბინა N39","41.44273","45.79102","ვაჟა-ფშაველას გამზ.76 ბ, მე-3 სართული, ბინა 39","ვაჟა-ფშაველას გამზ.76 ბ, მე-3 სართული, ბინა 39, თბილისი, , Georgia"
"23","Center of Free Pedagogic","თავისუფალი პედაგოგიკის ცენტრი","ა(ა)იპ","სერვისები ბავშვებისათვის ; Children  ","","დღის ცენტრი;ადრეული განვითარება","შშმ ბავშვები;შშმ პირები ","მარინა შოსტაკი","http://www.cfp.ge/; https://www.facebook.com/tavisufalipedagogikis.centri","cfp.shostak@gmail.com","599564721; 2347621","თბილისი","თბილისი","ბორჯომის ქ. N10","41.71981435","44.7916449566927","ბორჯომის  10","ბორჯომის 10, თბილისი, , Georgia"
"24","""Ia""","ია","ა(ა)იპ","სერვისები ბავშვებისათვის ; Children ;ზრდასრულთა მომსახურება;Adult","","დღის ცენტრი","შშმ ბავშვები;შშმ პირები ","ნაირა ჭაბუკიანი","https://www.facebook.com/pg/%E1%83%99%E1%83%90%E1%83%95%E1%83%A8%E1%83%98%E1%83%A0%E1%83%98-%E1%83%98%E1%83%90-129328673892658/about/","kavshiri_ia@yahoo.com","555505549; 2683136; 2681139","თბილისი","თბილისი","გლდანის მე-4მ/რ, კორპ.113, ბ 1ბ","41.44273","45.79102","გლდანის მე-4მ/რ, კორპ.113, ბ 1ბ","გლდანის მე-4მ/რ, კორპ.113, ბ 1ბ, თბილისი, , Georgia"
"25","Children Of The Sun","მზის შვილები","ა(ა)იპ","სერვისები ბავშვებისათვის ; Children  ","","დღის ცენტრი","შშმ ბავშვები","ინგა ლოლაძე","https://www.facebook.com/childrenofthesungeorgia/ ","mz.shvilebi@gmail.com","558588805; 557763400","თბილისი","თბილისი","სააკაძის ქ N73","41.44273","45.79102","სააკაძის ქ 73","სააკაძის ქ 73, თბილისი, , Georgia"
"26","Parent's Bridge","მშობელთა ხიდი","ა(ა)იპ","სერვისები ბავშვებისათვის ; Children  ","დღის ცენტრი შშმ ბავშვებისთვის -მშობელთა ხიდი/ Day Center for Children with disabilities  -Parent's Bridge","დღის ცენტრი","შშმ ბავშვები","თეონა ყაჭეიშვილი","https://www.facebook.com/%E1%83%9B%E1%83%A8%E1%83%9D%E1%83%91%E1%83%94%E1%83%9A%E1%83%97%E1%83%90-%E1%83%AE%E1%83%98%E1%83%93%E1%83%98-Parents-Bridge-726082590800063/","teonakacheishvili@yahoo.com","577473440; 2309321; 593984095","თბილისი","თბილისი","ჩიქობავას N 27","41.7070309","44.8053424","ჩიქობავას  27","ჩიქობავას 27, თბილისი, , Georgia"
"27","Rehabilitation and Social Adaptation Center ""Aisi""","სარეაბილიტაციო და სოციალური ადაპტაციის ცენტრი აისი","ა(ა)იპ","სერვისები ბავშვებისათვის ; Children ;ზრდასრულთა მომსახურება;Adult","","დღის ცენტრი","შშმ ბავშვები;შშმ პირები ","ნანა ცარციძე","http://aisi.ge/;  https://www.facebook.com/aisi.ge/?hc_ref=ARQBj9nSb80YlIYOjKrsuVVU63eQPGR61JTG1Df7r_P4GEd5Psfx6N_KzOXk_8TWQLw&fref=nf","centri_aisi@yahoo.com","599973917;2910160","თბილისი","თბილისი","ჩიქვანაიას 21","41.44273","45.79102","ჩიქვანაიას 21","ჩიქვანაიას 21, თბილისი, , Georgia"
"28","Camille Medical Center","კამიელთა სამედიცინო ცენტრი","უცხოური არასამეწარმეო იურიდიული პირის ფილიალი","სერვისები ბავშვებისათვის ; Children  ","","დღის ცენტრი","შშმ პირები ","კობა კაბოსნიძე","http://camillians.ge/;  ","camilliansge@gmail.com","2600703; 2600785","თბილისი","თბილისი","თემქა 11მ/რ, მე-2 კვ, ანაპის 414 დივიზიის 11","41.44273","45.79102","თემქა 11მ/რ, მე-2 კვ, ანაპის 414 დივიზიის 11","თემქა 11მ/რ, მე-2 კვ, ანაპის 414 დივიზიის 11, თბილისი, , Georgia"
"32","fund Taoba","თაობა","ა(ა)იპ","ზრდასრულთა მომსახურება;Adult","","დღის ცენტრი","შშმ პირები ","უჩა ვახანია","https://www.facebook.com/fonditaoba/ ","taoba@taoba.org.ge","2537448; 2537449; 595551616","თბილისი","თბილისი","ნუცუბიძის 187ა","41.7307974","44.727743","ნუცუბიძის 187ა","ნუცუბიძის 187ა, თბილისი, , Georgia"
"34","Association for People in Need of Special Care ""APNSC""","კავშირი ადამიანებისათვის განსაკუთრებულ ზრუნვას რომ საჭიროებენ","ა(ა)იპ","ზრდასრულთა მომსახურება;Adult","","დღის ცენტრი","შშმ პირები ","მარინა ბულია","https://www.facebook.com/profile.php?id=100010915213011&ref=br_rs","info@apnsc.ge","2776307","თბილისი","თბილისი","კობარეთის ქ. N7","41.691497","44.8311444","კობარეთის  7","კობარეთის 7, თბილისი, , Georgia"
"35","Parent's Bridge","მშობელთა ხიდი","ა(ა)იპ","ზრდასრულთა მომსახურება;Adult","დღის ცენტრი შშმ პირებისთვის -მშობელთა ხიდი/ Day Center for people  with disabilities  -Parent's Bridge","დღის ცენტრი","შშმ პირები ","თეონა ყაჭეიშვილი","https://www.facebook.com/%E1%83%9B%E1%83%A8%E1%83%9D%E1%83%91%E1%83%94%E1%83%9A%E1%83%97%E1%83%90-%E1%83%AE%E1%83%98%E1%83%93%E1%83%98-Parents-Bridge-726082590800063/","teonakacheishvili@yahoo.com","577473440; 2309321; 593984095","თბილისი","თბილისი","გოცირიძის ქ. N2","41.7083219","44.8055994","გოცირიძის  2","გოცირიძის 2, თბილისი, , Georgia"
"37","Georgian Association for Mental Health","საქართველოს ფსიქიკური ჯანმრთელობის ასოციაცია","ა(ა)იპ","ზრდასრულთა მომსახურება;Adult","","დღის ცენტრი","შშმ პირები ","მანანა შარაშიძე","https://www.facebook.com/profile.php?id=100004477474446","manana@gamh.org.ge","2317641; 577 749117","თბილისი","თბილისი","კონსტიტუციის 2","41.7164687","44.7971314697464","კონსტიტუციის 2","კონსტიტუციის 2, თბილისი, , Georgia"
"38","The Deaf Association of Georgia","საქართველოს ყრუთა კავშირი","ა(ა)იპ","ზრდასრულთა მომსახურება;Adult; სერვისები ბავშვებისათვის ; Children  ","თბილისის დღის ცენტრი -ყრუთა კავშირი/ Tbilisi Day Center -Deaf Association of Georgia","დღის ცენტრი;ყრუთა კომუნიკაციის ხელშეწყობა;ჟესტური ენის თარჯიმანთა მომსახურეობა; ჟესტური ენის სწავლება; კულტურული პროგრამა","შშმ პირები ","ამირან ბატატუნაშვილი","","geodeaf@mail.ru","577456615; 2910667","თბილისი","თბილისი","მაიაკოვსკის ქ. N6","41.44273","45.79102","მაიაკოვსკის  6","მაიაკოვსკის 6, თბილისი, , Georgia"
"39","Caritas Georgia","საქველმოქმედო ფონდი საქართველოს კარიტასი","ა(ა)იპ","ზრდასრულთა მომსახურება;Adult","ჰარმონია","დღის ცენტრი","შშმ პირები ","თამარ შარაშიძე ","https://caritas.ge/ka/%E1%83%98%E1%83%9B%E1%83%9D%E1%83%A5%E1%83%9B%E1%83%94%E1%83%93%E1%83%94/","tamar.sharashidze@caritas.ge","591229701","თბილისი","თბილისი","თორნიკე ერისთავის ქ. N2","41.7499919","44.7859222","თორნიკე ერისთავის  2","თორნიკე ერისთავის 2, თბილისი, , Georgia"
"40","Association of Helping Children with Hearing and Speaking Disorders","სმენისა და მეტყველების დარღვევის მქონე ბავშვთა დახმარების ასოციაცია","ა(ა)იპ","ზრდასრულთა მომსახურება;Adult","","დღის ცენტრი","შშმ პირები ","მაია ასაკაშვილი","http://www.vipmed.ge/maia-asakashvili/ ","asakashvili_maia@yahoo.com","599513397; 2323480","თბილისი","თბილისი","ვაჟა ფშაველას 73, მე-3 კვ, 1ბ კორპ, ბინა 14","41.44273","45.79102","ვაჟა ფშაველას 73, მე-3 კვ, 1ბ კორპ, ბინა 14","ვაჟა ფშაველას 73, მე-3 კვ, 1ბ კორპ, ბინა 14, თბილისი, , Georgia"
"41","Social Assistance Fund for Disabled ""New Life""","ინვალიდთა სოციალური დახმარების ფონდი ახალი სიცოცხლე","ა(ა)იპ","სერვისები ბავშვებისათვის ; Children  ;ზრდასრულთა მომსახურება;Adult","","დღის ცენტრი","შშმ ბავშვები;შშმ პირები ","ნატალია როსტომაშვილი","https://www.facebook.com/newlifefund/","nrostomashvili@yahoo.com","599567426; 0350235815","კახეთი","თელავი","ჩოლოყაშვილის ქ. N37","41.44273","45.79102","ჩოლოყაშვილის  37","ჩოლოყაშვილის 37, თელავი, კახეთი, Georgia"
"42","Georgian Society for Public Interests Protection","საქართველოს საზოგადოებრივი ინტერესების დაცვის ასოციაცია","ა(ა)იპ","სერვისები ბავშვებისათვის ; Children  ","დღის ცენტრი ჩოლოყაშვილზე/ day center on Cholokashvili street","დღის ცენტრი","შშმ ბავშვები","ნინო პაატაშვილი","","ninopaatashvili@gmail.com","593334224","კახეთი","თელავი","ჩოლოყაშვილის ჩიხი3, N3","41.44273","45.79102","ჩოლოყაშვილის ჩიხი3, 3","ჩოლოყაშვილის ჩიხი3, 3, თელავი, კახეთი, Georgia"
"43","Alter Ego","ალტერ ეგო","ა(ა)იპ","ზრდასრულთა მომსახურება;Adult","","დღის ცენტრი","შშმ პირები ","ირინე გეგეჭკორი","","alteregou@yahoo.com","593342594; 593978311; 0350232303","კახეთი","თელავი","მაგამედოვის 10","41.9166671","45.4859742","მაგამედოვის 10","მაგამედოვის 10, თელავი, კახეთი, Georgia"
"45","Terjola Disabled Children's Training-Rehabilitation Center ""Imedis Skhivi""","თერჯოლის უნარშეზღუდულ ბავშვთა სასწავლო-სარეაბილიტაციო ცენტრი ""იმედის სხივი""","ა(ა)იპ","სერვისები ბავშვებისათვის ; Children  ","","დღის ცენტრი","შშმ ბავშვები","ნაირა ნიკოლაძე","","imedis.sxivi@mail.ru","593608474; 593627719","იმერეთი","თერჯოლა","რუსთაველის N166","42.1764338","42.9780069","რუსთაველის 166","რუსთაველის 166, თერჯოლა, იმერეთი, Georgia"
"46","Kutaisi Education Development and Employment Center","ქუთაისის განათლების, განვითარების და დასაქმების ცენტრი","ა(ა)იპ","სერვისები ბავშვებისათვის ; Children  ","საპოვნელა; Sapovnela","დღის ცენტრი","შშმ ბავშვები","ლია კილაძე","http://www.kedec.ge/; https://www.facebook.com/kedec.ge/","kutaisi.youth@gmail.com","0431251330; 599157315","იმერეთი","თერჯოლა","ოთხი ძმის ქ. N13","41.44273","45.79102","ოთხი ძმის  13","ოთხი ძმის 13, თერჯოლა, იმერეთი, Georgia"
"47","Partnership for Children","პარტნიორობა ბავშვებისთვის","ა(ა)იპ","სერვისები ბავშვებისათვის ; Children  ","იალონი","დღის ცენტრი","მიტოვების რისკის ქვეშ მყოფი ბავშვები","გიორგი ჯიაძე","https://www.facebook.com/Partnership-for-Children%E1%83%9E%E1%83%90%E1%83%A0%E1%83%A2%E1%83%9C%E1%83%98%E1%83%9D%E1%83%A0%E1%83%9D%E1%83%91%E1%83%90-%E1%83%91%E1%83%90%E1%83%95%E1%83%A8%E1%83%95%E1%83%94%E1%83%91%E1%83%98%E1%83%A1%E1%83%97%E1%83%95%E1%83%98%E1%83%A1-623906064332978/","p4c@mail.com","599410201;577616459","მცხეთა-მთიანეთი","თიანეთი","რუსთაველის 59 (თიანეთის პირველი საჯარო სკოლა)","41.44273","45.79102","რუსთაველის 59 (თიანეთის პირველი საჯარო სკოლა)","რუსთაველის 59 (თიანეთის პირველი საჯარო სკოლა), თიანეთი, მცხეთა-მთიანეთი, Georgia"
"48","Civic Initiatives Youth Center ""Future""","სამოქალაქო ინიციატივების ახალგაზრდული ცენტრი მომავალი","ა(ა)იპ","სერვისები ბავშვებისათვის ; Children  ","იალონი","დღის ცენტრი","შშმ ბავშვები","გიორგი კენჭუაშვილი","","momavali2003@gmail.com","599990067;593465330","შიდა ქართლი","კასპი","შატბერაშვილის 32","41.44273","45.79102","შატბერაშვილის 32","შატბერაშვილის 32, კასპი, შიდა ქართლი, Georgia"
"49","Rehabilitation Center ""Iavnana""","სარეაბილიტაციო ცენტრი იავნანა","ა(ა)იპ","სერვისები ბავშვებისათვის ; Children  ","ლამპარი","დღის ცენტრი","მიტოვების რისკის ქვეშ მყოფი ბავშვები","ციცინო ჩხარტიშვილი","","cicinochxartishvili@yahoo.com","599714359","გურია","ლანჩხუთი","მარჯანიშვილის ქ. N11","42.0856148","42.0329228","მარჯანიშვილის  11","მარჯანიშვილის 11, ლანჩხუთი, გურია, Georgia"
"50","""Beliefe in Future 2009""","მომავლის რწმენა 2009","შპს ","სერვისები ბავშვებისათვის ; Children  ","ჯადოსნური სამყარო","დღის ცენტრი","შშმ ბავშვები","ბონდო გეგელია","","irakli_gegelia@mail.ru","557011122","მცხეთა-მთიანეთი","მცხეთა","მამულაშვილის ქ. 10","41.8451959","44.720586","მამულაშვილის  10","მამულაშვილის 10, მცხეთა, მცხეთა-მთიანეთი, Georgia"
"51","Kutaisi Education, Development and Employment Center (KEDEC)","ქუთაისის განათლების, განვითარების და დასაქმების ცენტრი","ა(ა)იპ","სერვისები ბავშვებისათვის ; Children  ","იალონი ; Ialoni","დღის ცენტრი","შშმ ბავშვები","ლია კილაძე","http://www.kedec.ge/","kutaisi.youth@gmail.com","0431251330; 599157315","მცხეთა-მთიანეთი","მცხეთა","საგურამო","41.8990486","44.7593974","საგურამო","საგურამო, მცხეთა, მცხეთა-მთიანეთი, Georgia"
"52","We Are Together","ჩვენ ერთად ვართ","ა(ა)იპ","სერვისები ბავშვებისათვის ; Children  ","","დღის ცენტრი","შშმ ბავშვები","გიული ელბაქიძე","","okropiridzemariam@yahoo.com","593535176","მცხეთა-მთიანეთი","მცხეთა","წეროვანის დევნილთა დასახლება","41.44273","45.79102","წეროვანის დევნილთა დასახლება","წეროვანის დევნილთა დასახლება, მცხეთა, მცხეთა-მთიანეთი, Georgia"
"53","Kutaisi Education Development and Employment Center","ქუთაისის განათლების, განვითარების და დასაქმების ცენტრი","ა(ა)იპ","ზრდასრულთა მომსახურება;Adult","იალონი ; Ialoni","დღის ცენტრი","შშმ პირები ","ლია კილაძე","http://www.kedec.ge/; https://www.facebook.com/kedec.ge/","kutaisi.youth@gmail.com","0431251330; 599157315","მცხეთა-მთიანეთი","მცხეთა","საგურამო","41.8990486","44.7593974","საგურამო","საგურამო, მცხეთა, მცხეთა-მთიანეთი, Georgia"
"54","Future Beam","მომავლის სხივი","ა(ა)იპ","სერვისები ბავშვებისათვის ; Children  ","ცისკრის ვარსკვლავი;Tsiskris Varskvlavi","დღის ცენტრი","მიტოვების რისკის ქვეშ მყოფი ბავშვები","ხათუნა ცერცვაძე ","https://www.facebook.com/momavlisskhivi/","kcercvadze@gmail.com","595556544","გურია","ოზურგეთი","შევჩენკოს 5","41.44273","45.79102","შევჩენკოს 5","შევჩენკოს 5, ოზურგეთი, გურია, Georgia"
"55","Charity Associatioon ""Guria""","საქველმოქმედო ასოციაცია გურია","ა(ა)იპ","სერვისები ბავშვებისათვის ; Children  ","","დღის ცენტრი","შშმ ბავშვები","რომან ლომაძე","https://www.facebook.com/disabledp ","roman.lomadze@gmail.com","555946466; 577780059; 0496275199","გურია","ოზურგეთი","კოსტავას ქ. N123","41.9294718","41.9931618","კოსტავას  123","კოსტავას 123, ოზურგეთი, გურია, Georgia"
"56","Child and Environment","ბავშვი და გარემო","ა(ა)იპ","სერვისები ბავშვებისათვის ; Children  ","საპოვნელა; Sapovnela","დღის ცენტრი","მიტოვების რისკის ქვეშ მყოფი ბავშვები","ნინო იაშვილი ","http://www.childandenvironment.org.ge/g_home.html","bavshvidagaremo@yahoo.com ","577405403; 599102251","ქვემო-ქართლი","რუსთავი","რუსთაველის 20","41.5477632","45.0135138","რუსთაველის 20","რუსთაველის 20, რუსთავი, ქვემო-ქართლი, Georgia"
"57","""Gene""","გენი","ა(ა)იპ","სერვისები ბავშვებისათვის ; Children ;ზრდასრულთა მომსახურება;Adult","","დღის ცენტრი","შშმ ბავშვები;შშმ პირები","ნინო გეგელია",""," nino_gegelia@yahoo.com","577402408","ქვემო-ქართლი","რუსთავი","ჭავჭავაძის N15","41.5430339","45.0119957","ჭავჭავაძის 15","ჭავჭავაძის 15, რუსთავი, ქვემო-ქართლი, Georgia"
"58","Association of Parents of Children with Nervous Diseases","ნერვული დაავადებებით დაავადებული ბავშვების მშობელთა ასოციაცია","ა(ა)იპ","სერვისები ბავშვებისათვის ; Children ;ზრდასრულთა მომსახურება;Adult","","დღის ცენტრი","შშმ ბავშვები;შშმ პირები ","ქეთევან დურგლიშვილი","","kdurglishvili@gmail.com","597203234","ქვემო-ქართლი","რუსთავი","მე-6 მ/რ, ფალიაშვილის ქუჩის მიმდებარე ნაკვეთი N89","41.44273","45.79102","მე-6 მ/რ, ფალიაშვილის ქუჩის მიმდებარე ნაკვეთი 89","მე-6 მ/რ, ფალიაშვილის ქუჩის მიმდებარე ნაკვეთი 89, რუსთავი, ქვემო-ქართლი, Georgia"
"61","Kutaisi Education Development and Employment Center","ქუთაისის განათლების, განვითარების და დასაქმების ცენტრი","ა(ა)იპ","სერვისები ბავშვებისათვის ; Children  ","ლამპარი ; Lampari","დღის ცენტრი","შშმ ბავშვები","ლია კილაძე","http://www.kedec.ge/; https://www.facebook.com/kedec.ge/","kutaisi.youth@gmail.com","0431251330; 599157315","იმერეთი","სამტრედია","ჭანტურიასქ.N72_x000D_
N1ბაგა-ბაღი","41.44273","45.79102","ჭანტურიას72_x000D_
1ბაგა-ბაღი","ჭანტურიას72_x000D_
1ბაგა-ბაღი, სამტრედია, იმერეთი, Georgia"
"62","The Deaf Association of Georgia","საქართველოს ყრუთა კავშირი","ა(ა)იპ","სერვისები ბავშვებისათვის ; Children  ","საჩხერეს დღის ცენტრი/ Sachkhere day center","დღის ცენტრი","შშმ ბავშვები","თამარ ზაბახიძე","","zabakhidze66@mail.ru","599316276","იმერეთი","საჩხერე","გორგასალის 6","42.345196","43.4144083","გორგასალის 6","გორგასალის 6, საჩხერე, იმერეთი, Georgia"
"63","""Lazare 2015""","ლაზარე 2015","ა(ა)იპ","სერვისები ბავშვებისათვის ; Children  ","","დღის ცენტრი","შშმ ბავშვები","ეკატერინე სოლომონია","","eka.damenia@mail.ru","598159994","სამეგრელო","სენაკი","გამსახურდიას ქ. N7","42.2616367","42.0558871","გამსახურდიას  7","გამსახურდიას 7, სენაკი, სამეგრელო, Georgia"
"64","Sighnaghi Mothers Of Many Child and Child Welfare Committee","სიღნაღის მრავალშვილიან დედათა და უნარშეზღუდულ ბავშვთა დახმარების კომიტეტი","ა(ა)იპ","სერვისები ბავშვებისათვის ; Children  ","","დღის ცენტრი","შშმ ბავშვები","ნუნუ გილაშვილი","","nana_gilashvili@mail.ru","595540718","კახეთი","სიღნაღი","წნორი. რუსთაველის 43","41.44273","45.79102","წნორი. რუსთაველის 43","წნორი. რუსთაველის 43, სიღნაღი, კახეთი, Georgia"
"65","Coalition for Social Reforms","კოალიცია სოციალური რეფორმებისათვის","ა(ა)იპ","სერვისები ბავშვებისათვის ; Children  ","ფოთის დღის ცენტრი/ Foti day center","დღის ცენტრი","შშმ ბავშვები","თამარ ფოფხაძე","https://www.facebook.com/KoalitsiaSotsialuriRepormebisatvis/","cofosore@gmail.com","593147805","სამეგრელო","ფოთი","წმ. გიორგის N56","41.44273","45.79102","წმ. გიორგის 56","წმ. გიორგის 56, ფოთი, სამეგრელო, Georgia"
"66","Welfare and Development Center","კეთილდღეობისა და განვითარების ცენტრი","ა(ა)იპ","სერვისები ბავშვებისათვის ; Children  ","ქარელის დღის ცენტრი/ Qareli day center","დღის ცენტრი","შშმ ბავშვები","თინა ბრეგვაძე","https://www.facebook.com/gorisinvalidtaklubi.asociacia","tina-1@rambler.ru","0370279825; 599792572; 558900559","შიდა ქართლი","ქარელი","ვაჟა- ფშაველას ქ. N19","42.0188301","43.8849914","ვაჟა- ფშაველას  19","ვაჟა- ფშაველას 19, ქარელი, შიდა ქართლი, Georgia"
"67","Caritas Georgia","საქველმოქმედო ფონდი საქართველოს კარიტასი","ა(ა)იპ","სერვისები ბავშვებისათვის ; Children  ","ქუთაისის მიტოვების რისკის ქვეშ მყოფი ბავშვები კარიტასი/ Kutaisi Center for children under the risk of abendoment Caritas  ","დღის ცენტრი","მიტოვების რისკის ქვეშ მყოფი ბავშვები","თამარ შარაშიძე","https://caritas.ge/ka/%E1%83%98%E1%83%9B%E1%83%9D%E1%83%A5%E1%83%9B%E1%83%94%E1%83%93%E1%83%94/","tamar.sharashidze@caritas.ge","2693413; 591229701","იმერეთი","ქუთაისი","9 აპრილის ქ. N33ა","41.44273","45.79102","9 აპრილის  33ა","9 აპრილის 33ა, ქუთაისი, იმერეთი, Georgia"
"68","Bridge to Social Inclusion","ხიდი სოციალური ინკლუზიისკენ","ა(ა)იპ","სერვისები ბავშვებისათვის ; Children  ","","დღის ცენტრი;ადრეული განვითარება","მძიმე და ღრმა გონებრივი განვითარების შეფერხების მქონე შშმ ბავშვი ;შშმ ბავშვები;ბავშვები 0-7 წლამდე ასაკის","ლიკა მხატვარი","https://www.facebook.com/BRIDGEsocialinclusion/","likapsy88@gmail.com","568183366","იმერეთი","ქუთაისი","ხარებავას 41","42.2557264","42.6132974","ხარებავას 41","ხარებავას 41, ქუთაისი, იმერეთი, Georgia"
"69","Development and Social Rehabilitation Center ""Tairisi""","განვითარებისა და სოციალური რეაბილიტაციის ცენტრი ""თაირისი""","ა(ა)იპ","სერვისები ბავშვებისათვის ; Children  ","ქუთაისის ადრეული განვითარების პროგრამა და დღის ცენტრი თაირისი/Kutaisi early intervantion program and day center Tairisi","დღის ცენტრი;ადრეული განვითარება","შშმ ბავშვები","სოფიო ტყებუჩავა; ირინე აბდალაძე","","irinaabd@yandex.ru;tairis.ge@gmail.com ;irinaabd@yandex.ru","599713155; 599169572;","იმერეთი","ქუთაისი","ახალგაზრდობის გამზირი მე-3 შეს N4","41.44273","45.79102","ახალგაზრდობის გამზირი მე-3 შეს 4","ახალგაზრდობის გამზირი მე-3 შეს 4, ქუთაისი, იმერეთი, Georgia"
"70","Kutaisi Education Development and Employment Center","ქუთაისის განათლების, განვითარების და დასაქმების ცენტრი","ა(ა)იპ","სერვისები ბავშვებისათვის ; Children  ","ჯადოსნური სამყარო ; Jadosnuri Samkharo","დღის ცენტრი","შშმ ბავშვები","ლია კილაძე","http://www.kedec.ge/; https://www.facebook.com/kedec.ge/","kutaisi.youth@gmail.com","0431251330; 599157315","იმერეთი","ქუთაისი","დუმბაძის N59-61","42.2678858","42.695558","დუმბაძის 59-61","დუმბაძის 59-61, ქუთაისი, იმერეთი, Georgia"
"72","Day center of beneficiaries ""Valentine""","ბენეფიციართა დღის ცენტრი ვალენტინი","შპს ","ზრდასრულთა მომსახურება;Adult","","დღის ცენტრი","შშმ პირები ","ვალენტინა მახათაძე                           ","","maxatadze49@mail.ru","599726517; 599212844","იმერეთი","ქუთაისი","ნიკეას მე-2შესახ. N4/49. ხახანაშვილის ქN14","41.44273","45.79102","ნიკეას მე-2შესახ. 4/49. ხახანაშვილის ქ14","ნიკეას მე-2შესახ. 4/49. ხახანაშვილის ქ14, ქუთაისი, იმერეთი, Georgia"
"73","Development and Social Rehabilitation Center ""Tairisi""","განვითარებისა და სოციალური რეაბილიტაციის ცენტრი ""თაირისი""","ა(ა)იპ","ზრდასრულთა მომსახურება;Adult","ქუთაისის დღის ცენტრი შშმ პირებისთვის თაირისი/ Kutaisi Day center for People with disabilities Tairisi","დღის ცენტრი","შშმ პირები ","სოფიო ტყებუჩავა","","tairis.ge@gmail.com","577277545; 599713255","იმერეთი","ქუთაისი","ნ.დუმბაძის ქუჩა N59-61","41.44273","45.79102","ნ.დუმბაძის ქუჩა 59-61","ნ.დუმბაძის ქუჩა 59-61, ქუთაისი, იმერეთი, Georgia"
"74","","ქუთაისის ფსიქო–სოციალური რეაბილიტაციის ცენტრი","ა(ა)იპ","ზრდასრულთა მომსახურება;Adult","","დღის ცენტრი","შშმ პირები ","მაია ნუცუბიძე","","maia_nucubidze@yahoo.com","599182102","იმერეთი","ქუთაისი","ნინოშვილის ქ. მე7-ე ჩიხი N12","42.2514326","42.6893193","ნინოშვილის  მე7-ე ჩიხი 12","ნინოშვილის მე7-ე ჩიხი 12, ქუთაისი, იმერეთი, Georgia"
"75","Education Center","განათლების ცენტრი","ა(ა)იპ","სერვისები ბავშვებისათვის ; Children  ","ჩოხატაურის დღის ცენტრი თაირისი/ Chokhatauri Day Center Tairisi","დღის ცენტრი","შშმ ბავშვები","ირმა ჯიბუტი","","irmajibuti@list.ru","577624848","გურია","ჩოხატაური","წერეთლის 3","42.0141095","42.2379617","წერეთლის 3","წერეთლის 3, ჩოხატაური, გურია, Georgia"
"76","Imedi_3","იმედი_3","ა(ა)იპ","სერვისები ბავშვებისათვის ; Children  ","","დღის ცენტრი","შშმ ბავშვები","ლია ჟვანია","","liajvania@gmail.com","579992007; 551158244","სამეგრელო","ჩხოროწყუ","ჭავჭავაძის ქ. 12","42.5229169","42.1274999","ჭავჭავაძის  12","ჭავჭავაძის 12, ჩხოროწყუ, სამეგრელო, Georgia"
"77","Saba+2011","საბა+2011","ა(ა)იპ","სერვისები ბავშვებისათვის ; Children  ","","დღის ცენტრი","შშმ ბავშვები","დარეჯან სამუშია","","dajia1957@mail.ru","592900686; 591056239","სამეგრელო","წალენჯიხა","ს.ეწერი","41.44273","45.79102","ს.ეწერი","ს.ეწერი, წალენჯიხა, სამეგრელო, Georgia"
"78","Rehabilitation Center ""Chveni Sakhli""","სარეაბილიტაციო ცენტრი ჩვენი სახლი","ა(ა)იპ","სერვისები ბავშვებისათვის ; Children  ","","დღის ცენტრი","მიტოვების რისკის ქვეშ მყოფი ბავშვები","ნანა გვაჩლიანი","https://www.facebook.com/%E1%83%A1%E1%83%90%E1%83%A0%E1%83%94%E1%83%90%E1%83%91%E1%83%98%E1%83%9A%E1%83%98%E1%83%A2%E1%83%90%E1%83%AA%E1%83%98%E1%83%9D-%E1%83%AA%E1%83%94%E1%83%9C%E1%83%A2%E1%83%A0%E1%83%98-%E1%83%A9%E1%83%95%E1%83%94%E1%83%9C%E1%83%98-%E1%83%A1%E1%83%90%E1%83%AE%E1%83%9A%E1%83%98-1210833105631580/","chvenisakhli@rambler.ru","0436 224313; 598217021","იმერეთი","წყალტუბო","9 აპრილის ქ. 1შეს.N2","41.44273","45.79102","9 აპრილის  1შეს.2","9 აპრილის 1შეს.2, წყალტუბო, იმერეთი, Georgia"
"79","Child and Environment","ბავშვი და გარემო","ა(ა)იპ","სერვისები ბავშვებისათვის ; Children  ","ჯეჯილი; Shoots","დღის ცენტრი","მიტოვების რისკის ქვეშ მყოფი ბავშვები","ნინო იაშვილი ","http://www.childandenvironment.org.ge/g_home.html","bavshvidagaremo@yahoo.com ","577405403","იმერეთი","ჭიათურა","ბარათაშვილის 53","41.44273","45.79102","ბარათაშვილის 53","ბარათაშვილის 53, ჭიათურა, იმერეთი, Georgia"
"80","Development and Social Rehabilitation Center ""Tairisi""","განვითარებისა და სოციალური რეაბილიტაციის ცენტრი ""თაირისი""","ა(ა)იპ","სერვისები ბავშვებისათვის ; Children  ","ხარაგაულის დღის ცენტრი თაირისი/ Kharagauli day center Tairisi","დღის ცენტრი","შშმ ბავშვები","სოფიო ტყებუჩავა","","tairis.ge@gmail.com","577277545; 599713255","იმერეთი","ხარაგაული","სოფ. ბორითი","41.44273","45.79102","სოფ. ბორითი","სოფ. ბორითი, ხარაგაული, იმერეთი, Georgia"
"81","Found ""Panacea""","ფონდი PANACEA","ა(ა)იპ","სერვისები ბავშვებისათვის ; Children  ","","დღის ცენტრი","შშმ ბავშვები","მიხეილ ქუთათელაძე","","lia.khachapuridze@gmail.com","599141602","იმერეთი","ხონი","ხონელიძის N61","41.44273","45.79102","ხონელიძის 61","ხონელიძის 61, ხონი, იმერეთი, Georgia"
"82","With the Lord's help","უფლის შეწევნით","ა(ა)იპ","ზრდასრულთა მომსახურება;Adult","","სათემო","ხანდაზმული","ამალია მახნიაშვილი/მონაზონი ირინე","","amaliamaxniashvili@rambler.ru","557943857","შიდა ქართლი","ქარელი","რუსთაველის ქ.#4","42.0199989","43.897479","რუსთაველის 4","რუსთაველის 4, ქარელი, შიდა ქართლი, Georgia"
"83","""Koloriti 1998""","კოლორიტი 1991","ა(ა)იპ","ზრდასრულთა მომსახურება;Adult","","სათემო","ხანდაზმული","გარი ჩაფიძე","","chapidzegari@yahoo.com","597146146; (0341)22-25-00; 281400","ქვემო-ქართლი","რუსთავი","შევჩენკოს ქ.#5","41.5545822","44.9875485","შევჩენკოს 5","შევჩენკოს 5, რუსთავი, ქვემო-ქართლი, Georgia"
"84","""The Way of Virtue""","სათნოების გზა","ა(ა)იპ","ზრდასრულთა მომსახურება;Adult","","სათემო","ხანდაზმული","გურამ ჭყონია","","satnoebisgza@gmail.com","571383311;555175271","","თბილისი","ნაძალადევის რ-ნი ჯანელიძის ქ 25ა","41.44273","45.79102","ნაძალადევის რ-ნი ჯანელიძის ქ 25ა","ნაძალადევის რ-ნი ჯანელიძის ქ 25ა, თბილისი, , Georgia"
"85","Archimedes Elderly boarding house","არქიმედეს ხანდაზმულთა პანსიონატი","ა(ა)იპ","ზრდასრულთა მომსახურება;Adult","","სათემო","ხანდაზმული","თამარ მებონია","","tmebonia@archimedes.ge","577907002; 599989880","კახეთი","ლაგოდეხი","ჯანელიძის ქუჩა","41.8322334","46.2701149","ჯანელიძის ქუჩა","ჯანელიძის ქუჩა, ლაგოდეხი, კახეთი, Georgia"
"86","Hand in Hand","ხელი ხელს","ა(ა)იპ","ზრდასრულთა მომსახურება;Adult","საოჯახო ტიპის სახლი თაყაიშვილზე ხელი ხელს/small group home on Takhaishvili street hand in hand","საოჯახო ტიპის სათემო","შშმ პირები ","თამარ შიშნიაშვილი","http://handinhand.ge/ge/","t.shishniashvili@handinhand.ge","577282866; 591706789; 568613077","კახეთი","გურჯაანი","თაყაიშვილის ქ.#30","41.7506","45.78958","თაყაიშვილის 30","თაყაიშვილის 30, გურჯაანი, კახეთი, Georgia"
"87","Hand in Hand","ხელი ხელს","ა(ა)იპ","ზრდასრულთა მომსახურება;Adult","საოჯახო ტიპის სახლი ახმეტელზე ხელი ხელს/small group home on Akhmeteli street hand in hand","საოჯახო ტიპის სათემო","შშმ პირები ","თამარ შიშნიაშვილი","http://handinhand.ge/ge/","handinhandg@gmail.com","577282866; 591706789; 568613077","კახეთი","გურჯაანი","ახმეტელის ქ.#16","41.7401898","45.7926366","ახმეტელის 16","ახმეტელის 16, გურჯაანი, კახეთი, Georgia"
"88","Hand in Hand","ხელი ხელს","ა(ა)იპ","ზრდასრულთა მომსახურება;Adult","","საოჯახო ტიპის სათემო","შშმ პირები ","თამარ შიშნიაშვილი","http://handinhand.ge/ge/","t.shishniashvili@handinhand.ge","577282866; 577559956","თბილისი","თბილისი","ავჭალა, 1 სამხედრო დასახლება #45ა","41.44273","45.79102","ავჭალა, 1 სამხედრო დასახლება 45ა","ავჭალა, 1 სამხედრო დასახლება 45ა, თბილისი, , Georgia"
"89","Hand in Hand","ხელი ხელს","ა(ა)იპ","ზრდასრულთა მომსახურება;Adult","","საოჯახო ტიპის სათემო","შშმ პირები ","თამარ შიშნიაშვილი","http://handinhand.ge/ge/","tshishniashvili@handinhand.ge","577282866; 595525303; 577559956","თბილისი","თბილისი","ავჭალა, 1 სამხედრო დასახლება #45, ბ2","41.44273","45.79102","ავჭალა, 1 სამხედრო დასახლება 45, ბ2","ავჭალა, 1 სამხედრო დასახლება 45, ბ2, თბილისი, , Georgia"
"90","Hand in Hand","ხელი ხელს","ა(ა)იპ","ზრდასრულთა მომსახურება;Adult","მუხიანის საოჯახო ტიპის სახლი ხელი ხელს/ Mukhiani Small group home hand in hand","საოჯახო ტიპის სათემო","შშმ პირები ","თამარ შიშნიაშვილი,","http://handinhand.ge/ge/","t.shishniashvili@handinhand.ge","577282866; 577559956","თბილისი","თბილისი","მუხიანის სამხედრო დასახლების მიმ-რე ტერ-ა, ავჭალა 1","41.44273","45.79102","მუხიანის სამხედრო დასახლების მიმ-რე ტერ-ა, ავჭალა 1","მუხიანის სამხედრო დასახლების მიმ-რე ტერ-ა, ავჭალა 1, თბილისი, , Georgia"
"91","Union of Socially Vulnerable Therapy of Sighnaghi Region","სიღნაღის რეგიონის სოციალურად უმწეოთა თერაპიის კავშირი","ა(ა)იპ","ზრდასრულთა მომსახურება;Adult","","სათემო","შშმ პირები ","ლალი ხანდოლიშვილი             ","","signagi@heim.ge; qedelicommunity@gmail.com","355236158; 599686718; 599230938","კახეთი","სიღნაღი","ქედელის დასახლება, ნონეშვილის ქუჩა","41.44273","45.79102","ქედელის დასახლება, ნონეშვილის ქუჩა","ქედელის დასახლება, ნონეშვილის ქუჩა, სიღნაღი, კახეთი, Georgia"
"92","Carefree Old Age","უზრუნველი სიბერე","ა(ა)იპ","ზრდასრულთა მომსახურება;Adult","","სათემო","ხანდაზმული","ლეილა ბოქოლიშვილი","https://www.facebook.com/people/%E1%83%A3%E1%83%96%E1%83%A0%E1%83%A3%E1%83%9C%E1%83%95%E1%83%94%E1%83%9A%E1%83%98-%E1%83%A1%E1%83%98%E1%83%91%E1%83%94%E1%83%A0%E1%83%94/100009288317722","tkupi84@mail.ru","557007082; 514608008","კახეთი","სიღნაღი","სოფ. ბოდბისხევი","41.44273","45.79102","სოფ. ბოდბისხევი","სოფ. ბოდბისხევი, სიღნაღი, კახეთი, Georgia"
"93","House Without Borders","სახლი საზღვრების გარეშე","ა(ა)იპ","ზრდასრულთა მომსახურება;Adult","","სათემო","ხანდაზმული","ლუდმილა სალია","https://www.facebook.com/sakhlisazgvrebsgareshe/","pavlo.b56@mail.ru","593199542; 599906548","შიდა ქართლი","გორი","სოფ. ხურვალეთი","41.44273","45.79102","სოფ. ხურვალეთი","სოფ. ხურვალეთი, გორი, შიდა ქართლი, Georgia"
"94","Boarding House of Old People and People with Disabilities ""My Family""","მოხუცებულთა და შეზღუდული შესაძლებლობების მქონე პირთა პანსიონატი ჩემი ოჯახი","ა(ა)იპ","ზრდასრულთა მომსახურება;Adult","","სათემო","ხანდაზმული","მაია ახალაძე","","akhaladze25@yahoo.com","595410740","თბილისი","თბილისი","გლდანის მე-2 მასივის ტერიტორია","41.44273","45.79102","გლდანის მე-2 მასივის ტერიტორია","გლდანის მე-2 მასივის ტერიტორია, თბილისი, , Georgia"
"95","Young Pedagogues Union","ახალგაზრთა პედაგოგთა კავშირი","ა(ა)იპ","ზრდასრულთა მომსახურება;Adult","სოფელი ანასეულის სათემო მომსახურეობის ცენტრი/ Village Anaseuli  community service center","სათემო","ხანდაზმული","მარინა თოფურია ","http://apk.ge/","ypuozurgeti@yahoo.com","593332317","გურია","ოზურგეთი","სოფ. ანასეული, მეცნიერების ქ.16","41.44273","45.79102","სოფ. ანასეული, მეცნიერების 16","სოფ. ანასეული, მეცნიერების 16, ოზურგეთი, გურია, Georgia"
"96","Charity Found ""Barbare-XXI""","საქველმოქმედო ფონდი ბარბარე-XXI ","ა(ა)იპ","ზრდასრულთა მომსახურება;Adult","","სათემო","ხანდაზმული","მერაბ შათირიშვილი","https://www.facebook.com/Barbare-XXI-Home-For-The-Elderly-1683530271896673/","Barbare_21@yahoo.com","555513665","თბილისი","თბილისი","გლდანი-ნაძალადევის რ-ნი. სოფ. გლდანი","41.44273","45.79102","გლდანი-ნაძალადევის რ-ნი. სოფ. გლდანი","გლდანი-ნაძალადევის რ-ნი. სოფ. გლდანი, თბილისი, , Georgia"
"97","Kidness House","სიკეთის სახლი","ა(ა)იპ","ზრდასრულთა მომსახურება;Adult","","სათემო","ხანდაზმული","ნათია გუშარაშვილი","https://www.facebook.com/siketis.saxli","siketissakli@gmail.com","555500143; 551154305","თბილისი","თბილისი","სოფ.გლდანი, ","41.44273","45.79102","სოფ.გლდანი, ","სოფ.გლდანი, თბილისი, , Georgia"
"98","Beteli","ბეთელი","ა(ა)იპ","ზრდასრულთა მომსახურება;Adult","","სათემო","ხანდაზმული","ნანა მანიჟაშვილი","","nnlp.beteli@mail.ru","599519107; 243680","კახეთი","წნორი","აღმაშენებლის ქ.#65","41.6246486","45.9695451","აღმაშენებლის 65","აღმაშენებლის 65, წნორი, კახეთი, Georgia"
"99","Temi Community","საქველმოქმედო კავშირი თემი","ა(ა)იპ","ზრდასრულთა მომსახურება;Adult","","სათემო","შშმ პირები ","ნიკოლოზ კვაშალი","https://www.facebook.com/TEMI.community/","natomosiashvili@gmail.com","598350036; 598350036","კახეთი","ყვარელი","სოფ. გრემი","41.44273","45.79102","სოფ. გრემი","სოფ. გრემი, ყვარელი, კახეთი, Georgia"
"100","Brocliani Virtue House","ბროწლიანის სათნოების სახლი","ა(ა)იპ","ზრდასრულთა მომსახურება;Adult","","სათემო","შშმ პირები ","ნინო გურაშვილი","","lelapanacea@gmail.com","599965570; 577488478","კახეთი","სიღნაღი","სოფ. საქობო","41.44273","45.79102","სოფ. საქობო","სოფ. საქობო, სიღნაღი, კახეთი, Georgia"
"101","Basiliada","ბასილიადა","ა(ა)იპ","ზრდასრულთა მომსახურება;Adult","","სათემო","ხანდაზმული","რუსუდან ბერიძე","https://www.facebook.com/%E1%83%91%E1%83%90%E1%83%A1%E1%83%98%E1%83%9A%E1%83%98%E1%83%90%E1%83%93%E1%83%90-%E1%83%AE%E1%83%90%E1%83%9C%E1%83%93%E1%83%90%E1%83%96%E1%83%9B%E1%83%A3%E1%83%9A%E1%83%97%E1%83%90-%E1%83%9E%E1%83%90%E1%83%9C%E1%83%A1%E1%83%98%E1%83%9D%E1%83%9C%E1%83%90%E1%83%A2%E1%83%98-1683657645183103/","beridze-rusiko@rambler.ru","591337773;   599507870","თბილისი","თბილისი","თ. უშაკოვის ქ.#1ა","41.44273","45.79102","თ. უშაკოვის 1ა","თ. უშაკოვის 1ა, თბილისი, , Georgia"
"102","Generation Home","თაობათა კერა","ა(ა)იპ","ზრდასრულთა მომსახურება;Adult","","სათემო","შშმ პირები ","ქეთევან ლეკვეიშვილი","https://www.facebook.com/%E1%83%90%E1%83%90%E1%83%98%E1%83%9E-%E1%83%97%E1%83%90%E1%83%9D%E1%83%91%E1%83%90%E1%83%97%E1%83%90-%E1%83%99%E1%83%94%E1%83%A0%E1%83%90-772864362837086/","ketino.71@mail.ru","598170882; 599370990","კახეთი","სიღნაღი","სოფელი ბოდბისხევი","41.44273","45.79102","სოფელი ბოდბისხევი","სოფელი ბოდბისხევი, სიღნაღი, კახეთი, Georgia"
"105","Rehabilitation Center ""Naio""","რეაბილიტაციის ცენტრი ნაიო","ა(ა)იპ","ფიზიკური რეაბილიტაცია; Rehabilitation/  სერვისები ბავშვებისათვის; Children","","ბავშვთა აბილიტაცია/რეაბილიტაცია","ბავშვები 0-18 წლამდე ასაკის","ზაზა პატარიძე","https://www.facebook.com/profile.php?id=100011614270090","zaza_pataridze@hotmail.com","592311791;593311791","იმერეთი","ქუთაისი","ქუთაისი. 5","42.271584","42.705359","ქუთაისი. 5","ქუთაისი. 5, ქუთაისი, იმერეთი, Georgia"
"106","Unemedi Adjara - Chakvi Medical Center","უნიმედი აჭარა - ჩაქვის სამედიცინო ცენტრი","შპს ","ფიზიკური რეაბილიტაცია; Rehabilitation/  სერვისები ბავშვებისათვის; Children","","ბავშვთა აბილიტაცია/რეაბილიტაცია;ადრეული განვითარება","ბავშვები 0-18 წლამდე ასაკის;ბავშვები 0-7 წლამდე ასაკის","ლაშა მდივანი","","mtskomelidze@evex.ge","2550505","აჭარა","ქობულეთი","დაბა ჩაქვი. თამარ მეფის 40–ის მიმდებარედ","41.44273","45.79102","დაბა ჩაქვი. თამარ მეფის 40–ის მიმდებარედ","დაბა ჩაქვი. თამარ მეფის 40–ის მიმდებარედ, ქობულეთი, აჭარა, Georgia"
"107","Children's Health Center","ბავშვთა ჯანმრთელობის ცენტრი ","შპს ","ფიზიკური რეაბილიტაცია; Rehabilitation/  სერვისები ბავშვებისათვის; Children","","ბავშვთა აბილიტაცია/რეაბილიტაცია","ბავშვები 0-18 წლამდე ასაკის","თამილა თეიმურაზიშვილი","https://www.facebook.com/%E1%83%91%E1%83%90%E1%83%95%E1%83%A8%E1%83%95%E1%83%97%E1%83%90-%E1%83%AF%E1%83%90%E1%83%9C%E1%83%9B%E1%83%A0%E1%83%97%E1%83%94%E1%83%9A%E1%83%9D%E1%83%91%E1%83%98%E1%83%A1-%E1%83%AA%E1%83%94%E1%83%9C%E1%83%A2%E1%83%A0%E1%83%98-1581361365479934/?hc_ref=ARRDDbqmgcMW2ieltb796BDoCcNlSrXRNlTYQYy4zdwLXJuNTxIEJ6RM4JtqZLN_KH4&fref=nf","telavisbavshvta@yahoo.com, tamartkhlashidze@gmail.com","599502127;00350273791","კახეთი","თელავი","თელავი, ალადაშვილის 2","41.44273","45.79102","თელავი, ალადაშვილის 2","თელავი, ალადაშვილის 2, თელავი, კახეთი, Georgia"
"108","Medical Diagnostic Center Raidmedi","სამკურნალო–დიაგნოსტიკური ცენტრი რაიდმედი","შპს ","ფიზიკური რეაბილიტაცია; Rehabilitation/  სერვისები ბავშვებისათვის; Children","","ბავშვთა აბილიტაცია/რეაბილიტაცია","ბავშვები 0-18 წლამდე ასაკის","დავით ბურჯანაძე","","ridemed@gmail.com       tengoburjanadze@gmail.com  Nana Chigladze <chigladze1961@gmail.com>;","2106126","თბილისი","თბილისი","ლისი 288","41.7568819","44.6730473","ლისი 288","ლისი 288, თბილისი, , Georgia"
"109","Shida Kartli Rhabilitation Center","შიდა ქართლის სარეაბილიტაციო ცენტრი","შპს ","ფიზიკური რეაბილიტაცია; Rehabilitation/  სერვისები ბავშვებისათვის; Children","","ბავშვთა აბილიტაცია/რეაბილიტაცია","ბავშვები 0-18 წლამდე ასაკის","დალი გოგიაშვილი","","d.gogiashvili@gmail.com","555445844","შიდა ქართლი","გორი","გორი. ჭავჭავაძის 24/ა","41.44273","45.79102","გორი. ჭავჭავაძის 24/ა","გორი. ჭავჭავაძის 24/ა, გორი, შიდა ქართლი, Georgia"
"110","Camille Medical Center","ავადმყოფთა მომსახურე სასულიერო პირთა ორდენი (კამილიელების) ფილიალი საქართველოში","ა(ა)იპ","ფიზიკური რეაბილიტაცია; Rehabilitation/  სერვისები ბავშვებისათვის; Children","","ბავშვთა აბილიტაცია/რეაბილიტაცია","ბავშვები 0-18 წლამდე ასაკის","კობა კობოსნიძე","http://camillians.ge/","camiliansge@gmail.com, camilliansge@gmail.com,  n.alkhanashvili@gmail.com","2600703;599236969","თბილისი","თბილისი","თემქა. მე–11 მკრ, მე–2 კვარტალი, ანაპის 414 დივიზიის ქ. 11","41.44273","45.79102","თემქა. მე–11 მკრ, მე–2 კვარტალი, ანაპის 414 დივიზიის  11","თემქა. მე–11 მკრ, მე–2 კვარტალი, ანაპის 414 დივიზიის 11, თბილისი, , Georgia"
"111","Rehabilitation and Social Adaptation Center ""Aisi""","რეაბილიტაციისა და სოციალური ადაპტაციის ცენტრი ""აისი""","ა(ა)იპ","ფიზიკური რეაბილიტაცია; Rehabilitation/  სერვისები ბავშვებისათვის; Children","","ბავშვთა აბილიტაცია/რეაბილიტაცია","ბავშვები 0-18 წლამდე ასაკის","გივი ჩიქობავა","http://aisi.ge/","i.tananashvili004@gmail.com","2910160;593306628","თბილისი","თბილისი","ჩიქვანაიას 21","41.44273","45.79102","ჩიქვანაიას 21","ჩიქვანაიას 21, თბილისი, , Georgia"
"112","Golden Field","ოქროს ველი","შპს ","ფიზიკური რეაბილიტაცია; Rehabilitation/  სერვისები ბავშვებისათვის; Children;ზრდასრულთა მომსახურება;Adult/ ","","ბავშვთა აბილიტაცია/რეაბილიტაცია","ბავშვები 0-18 წლამდე ასაკის;ომის მონაწილეები","ნუნუ გიორგობიანი","","ltd_oqrosveli@mail.ru","593 301 608","კახეთი","გურჯაანი","გურჯაანი. თამარ მეფის 5","41.44273","45.79102","გურჯაანი. თამარ მეფის 5","გურჯაანი. თამარ მეფის 5, გურჯაანი, კახეთი, Georgia"
"113","Habilitation and Development Center","აბილიტაციის და განვითარების ცენტრი","ა(ა)იპ","ფიზიკური რეაბილიტაცია; Rehabilitation/  სერვისები ბავშვებისათვის; Children","","ბავშვთა აბილიტაცია/რეაბილიტაცია ; ადრეული განვითარება; აუტიზმის პროგრამა","ბავშვები 0-18 წლამდე ასაკის;             ბავშვები 0-7 წლამდე ასაკის","ინგა ზარანდია","https://www.facebook.com/%E1%83%90%E1%83%91%E1%83%98%E1%83%9A%E1%83%98%E1%83%A2%E1%83%90%E1%83%AA%E1%83%98%E1%83%98%E1%83%A1-%E1%83%93%E1%83%90-%E1%83%92%E1%83%90%E1%83%9C%E1%83%95%E1%83%98%E1%83%97%E1%83%90%E1%83%A0%E1%83%94%E1%83%91%E1%83%98%E1%83%A1-%E1%83%AA%E1%83%94%E1%83%9C%E1%83%A2%E1%83%A0%E1%83%98-Habilitation-and-Development-Center-1609749059240922/","ingazarandia@gmail.com","599006009;568 18 55 11; ","აჭარა","ბათუმი"," ს. ხიმშიაშვილი ( ყოფილი საბჭო) 24","41.44273","45.79102"," ს. ხიმშიაშვილი ( ყოფილი საბჭო) 24","ს. ხიმშიაშვილი ( ყოფილი საბჭო) 24, ბათუმი, აჭარა, Georgia"
"114","Kvemo-Kartli Rehabilitation Center","ქვემო ქართლის სარეაბილიტაციო ცენტრი","შპს ","ფიზიკური რეაბილიტაცია; Rehabilitation/  სერვისები ბავშვებისათვის; Children","","ბავშვთა აბილიტაცია/რეაბილიტაცია","ბავშვები 0-18 წლამდე ასაკის","ივანე თანანაშვილი","https://www.facebook.com/%E1%83%A5%E1%83%95%E1%83%94%E1%83%9B%E1%83%9D-%E1%83%A5%E1%83%90%E1%83%A0%E1%83%97%E1%83%9A%E1%83%98%E1%83%A1-%E1%83%A1%E1%83%90%E1%83%A0%E1%83%94%E1%83%90%E1%83%91%E1%83%98%E1%83%9A%E1%83%98%E1%83%A2%E1%83%90%E1%83%AA%E1%83%98%E1%83%9D-%E1%83%AA%E1%83%94%E1%83%9C%E1%83%A2%E1%83%A0%E1%83%98-1589091754736164/?hc_ref=PAGES_TIMELINE","i.tananashvili004@gmail.com","593 003 004","ქვემო-ქართლი","მარნეული","მარნეული. გიორგაძის ქ.","41.44273","45.79102","მარნეული. გიორგაძის ","მარნეული. გიორგაძის, მარნეული, ქვემო-ქართლი, Georgia"
"115","Neironi","ნეირონი","შპს ","ფიზიკური რეაბილიტაცია; Rehabilitation/  სერვისები ბავშვებისათვის; Children","","ბავშვთა აბილიტაცია/რეაბილიტაცია","ბავშვები 0-18 წლამდე ასაკის","მანანა ცანკაშვილი","","neironi1958@mail.ru","599551181","კახეთი","გურჯაანი","გურამიშვილის შეს.N7","41.44273","45.79102","გურამიშვილის შეს.7","გურამიშვილის შეს.7, გურჯაანი, კახეთი, Georgia"
"116","Association Nabimedi","კავშირი ნაბიმედი","ა(ა)იპ","ფიზიკური რეაბილიტაცია; Rehabilitation/  სერვისები ბავშვებისათვის; Children","","ბავშვთა აბილიტაცია/რეაბილიტაცია","ბავშვები 0-18 წლამდე ასაკის","ეკატერინე ყურაშვილი","","nabimedcenter@gmail.com","551150110","თბილისი","თბილისი","დ.უზნაძის ქ.N49","41.44273","45.79102","დ.უზნაძის 49","დ.უზნაძის 49, თბილისი, , Georgia"
"117","Valeo","ვალეო","შპს ","ფიზიკური რეაბილიტაცია; Rehabilitation/  სერვისები ბავშვებისათვის; Children","","ბავშვთა აბილიტაცია/რეაბილიტაცია","ბავშვები 0-18 წლამდე ასაკის","ნინო ცქიმანაური","","n_tskimanauri@yahoo.com","599941239","თბილისი","თბილისი","ლუბლიანას ქ.N13ა","41.7704323","44.7748777","ლუბლიანას 13ა","ლუბლიანას 13ა, თბილისი, , Georgia"
"118","Children Rehabilitation Center ""Rehab""","ბავშვთა სარეაბილიტაციო ცენტრი ""რეჰაბ""","შპს ","ფიზიკური რეაბილიტაცია; Rehabilitation/  სერვისები ბავშვებისათვის; Children","","ბავშვთა აბილიტაცია/რეაბილიტაცია;დამხმარე საშუალებები/საპროთეზო-ორთოპედიული","ბავშვები 0-18 წლამდე ასაკის","დავით შველიძე","https://www.facebook.com/REHAace/","kindrehab@gmail.com","599101100;597 22 36 30","თბილისი","თბილისი","ვაჟა-ფშაველას გამზირი, 70 ბ","41.7232386","44.7361643219801","ვაჟა-ფშაველას გამზირი, 70 ბ","ვაჟა-ფშაველას გამზირი, 70 ბ, თბილისი, , Georgia"
"119","""Profesori""","პროფესორი ","შპს ","ფიზიკური რეაბილიტაცია; Rehabilitation/  სერვისები ბავშვებისათვის; Children","","ბავშვთა აბილიტაცია/რეაბილიტაცია","ბავშვები 0-18 წლამდე ასაკის","ნინო იმერლიშვილი","","ninoimer@yahoo.fr","599428222","ქვემო-ქართლი","მარნეული","მარნეული 26 მაისის ქუჩა ","41.488117","44.807011","მარნეული 26 მაისის ქუჩა ","მარნეული 26 მაისის ქუჩა, მარნეული, ქვემო-ქართლი, Georgia"
"120","""Sanitasi""","სანიტასი","შპს ","ფიზიკური რეაბილიტაცია; Rehabilitation/  სერვისები ბავშვებისათვის; Children","","ბავშვთა აბილიტაცია/რეაბილიტაცია","ბავშვები 0-18 წლამდე ასაკის","ზვიად კოჩალიძე","","sanitasi@mail.ru","593732339","აჭარა","ბათუმი","გორგასლის N159ბ","41.44273","45.79102","გორგასლის 159ბ","გორგასლის 159ბ, ბათუმი, აჭარა, Georgia"
"122","Aversi Clinic","ავერსის კლინიკა","შპს ","ფიზიკური რეაბილიტაცია; Rehabilitation/  სერვისები ბავშვებისათვის; Children","","ბავშვთა აბილიტაცია/რეაბილიტაცია","ბავშვები 0-18 წლამდე ასაკის","დიმიტრი ჯორბენაძე","http://aversiclinic.ge/","clinic@aversi.ge   nino.buzariashvili@aversi.ge","2399370","თბილისი","თბილისი","ვაჟა–ფშაველას 27ბ","41.7250224","44.7267733194832","ვაჟა–ფშაველას 27ბ","ვაჟა–ფშაველას 27ბ, თბილისი, , Georgia"
"123","Georgian Portland Association","კავშირი-საქართველოს პორტიჯის ასოციაცია","ა(ა)იპ","სერვისები ბავშვებისათვის; Children","","ადრეული განვითარება","ბავშვები 0-7 წლამდე ასაკის","ნინო ცინცაძე","https://www.facebook.com/georgianportage/photos/a.430445113713536.1073741828.100115290079855/430445283713519/","nztsintsadze@hotmail.com  t.akhobadze@portage.ge","593 34 45 31; 591503569 ; 599974548","თბილისი","თბილისი","ჭავჭავაძის გამზ. 32","41.44273","45.79102","ჭავჭავაძის გამზ. 32","ჭავჭავაძის გამზ. 32, თბილისი, , Georgia"
"126","I. Bokeria Center for Neurodevelopment","ი. ბოკერიას სახელობის ნეიროგანვითარების ცენტრი","შპს","სერვისები ბავშვებისათვის; Children ; ფიზიკური რეაბილიტაცია; Rehabilitation/  ","თბილისის ადრეული განვითარების პროგრამა და ბავშვთა აბილიტაცია\რეაბილიტაცია ნეიროგანვითარების ცენტრი/Tbilisi early intervantion program and child abilitation\rehabilitation Neirorehabilitation Center","ადრეული განვითარება;ბავშვთა აბილიტაცია/რეაბილიტაცია","ბავშვები 0-18 წლამდე ასაკის","სოფო ტატიშვილი / ეკატერინე არველაძე","http://ndc.ge/","sofiatat75@hotmail.com;info@ndc.ge; m.andriadze@ndc.ge; iraklinatr@gmail.com","599510347;2526649;555551155","თბილისი","თბილისი","დიდუბის რ-ნი, დიღმის მასივი, ლუბლიანას ქ. 2/6","41.44273","45.79102","დიდუბის რ-ნი, დიღმის მასივი, ლუბლიანას  2/6","დიდუბის რ-ნი, დიღმის მასივი, ლუბლიანას 2/6, თბილისი, , Georgia"
"130","Psychological Services Center ""Green House""","ფსიქოლოგიური მომსახურების ცენტრი მწვანე სახლი","ა(ა)იპ","სერვისები ბავშვებისათვის; Children","","ადრეული განვითარება","ბავშვები 0-7 წლამდე ასაკის","მარინე ტარასაშვილი","http://www.mtsvanesakhli.com/; ","mtara_1960@yahoo.com","599 64 90 67","თბილისი","თბილისი","ნინო რამიშვილის 37","41.713442","44.7665841","ნინო რამიშვილის 37","ნინო რამიშვილის 37, თბილისი, , Georgia"
"131","Promotion of rehabilitation of disabled children and adolescents ""Nergebi""","ინვალიდ ბავშვთა და მოზარდთა რეაბილიტაციის ხელშეწყობა ""ნერგები""","ა(ა)იპ","სერვისები ბავშვებისათვის; Children","ზუგდიდის ადრეული განვითარების პროგრამა -ნერგები/Zugdidi early intervantion program Nergebi","ადრეული განვითარება","ბავშვები 0-7 წლამდე ასაკის","იამზე ალფნიძე","","luka86@rambler.ru","579 34 44 23","სამეგრელო","ზუგდიდი","ბერიას ქ. 44","42.5101477","41.8824678","ბერიას  44","ბერიას 44, ზუგდიდი, სამეგრელო, Georgia"
"132","Coalition for Social Reforms","კოალიცია სოციალური რეფორმებისათვის","ა(ა)იპ","სერვისები ბავშვებისათვის; Children","ჩხოროწყუს ადრეული განვითარების პროგრამა/ Chkhorotsku early intervantion program","ადრეული განვითარება","ბავშვები 0-7 წლამდე ასაკის","თამარ ფოფხაძე","https://www.facebook.com/KoalitsiaSotsialuriRepormebisatvis/","tamarapopkhadze@gmail.com","593 14 78 05","სამეგრელო","ჩხოროწყუ","წერეთლის ქ. N5","42.5214463","42.12406","წერეთლის  5","წერეთლის 5, ჩხოროწყუ, სამეგრელო, Georgia"
"133","The Samaritan Association of Georgia","საქართველოს სამარიტელთა კავშირი","ა(ა)იპ","სერვისები ბავშვებისათვის; Children","","ადრეული განვითარება","ბავშვები 0-7 წლამდე ასაკის","ირინე კლდიაშვილი","http://www.asb-georgia.org/ge/sakartvelos-samaritelta-kavshiri-ssk","viktoriamidelauri@gmail.com","577406093","კახეთი","ლაგოდეხი","სოფ. კავშირი","41.44273","45.79102","სოფ. კავშირი","სოფ. კავშირი, ლაგოდეხი, კახეთი, Georgia"
"134","Georgian Society for Public Interests Protection","საქართველოს საზოგადოებრივი ინტერესების დაცვის ასოციაცია","ა(ა)იპ","სერვისები ბავშვებისათვის; Children","ადრეული განვითარების პროგრამა ფალიაშვილის ქუჩაზე/ Early intervantion program Paliashvili street","ადრეული განვითარება","ბავშვები 0-7 წლამდე ასაკის","ნინო პაატაშვილი","","ninopaatashvili@gmail.com","593334224","კახეთი","თელავი","ფალიაშვილის 20","41.9108097","45.4738286","ფალიაშვილის 20","ფალიაშვილის 20, თელავი, კახეთი, Georgia"
"136","I. Bokeria Center for Neurodevelopment","ი. ბოკერიას სახელობის ნეიროგანვითარების ცენტრი","შპს","სერვისები ბავშვებისათვის; Children ; ფიზიკური რეაბილიტაცია; Rehabilitation/  ","ზუგდიდის ადრეული განვითარების პროგრამა და ბავშვთა აბილიტაცია\რეაბილიტაცია ნეიროგანვითარების ცენტრი/Zugdidi early intervantion program and child abilitation\rehabilitation Neirorehabilitation Center","ადრეული განვითარება;ბავშვთა აბილიტაცია/რეაბილიტაცია","ბავშვები 0- 18 წლამდე ასაკის","ეკატერინე არველაძე/სოფო ტატიშვილი","http://ndc.ge/","sofiatat75@hotmail.com;info@ndc.ge; m.andriadze@ndc.ge; iraklinatr@gmail.com","599510347;2526649;555551155","სამეგრელო","ზუგდიდი","მ.გორკის ქ.N46","41.44273","45.79102","მ.გორკის 46","მ.გორკის 46, ზუგდიდი, სამეგრელო, Georgia"
"137","Children of Georgia","საქართველოს ბავშვები","ა(ა)იპ","სერვისები ბავშვებისათვის; Children","","ადრეული განვითარება","ბავშვები 0-7 წლამდე ასაკის","ანა გაზაშვილი","http://www.cog.ge/","annagazashvili@gmail.com","558485814; 555262719","თბილისი","თბილისი","მიცკევიჩის 30/32","41.7245309","44.7706254","მიცკევიჩის 30/32","მიცკევიჩის 30/32, თბილისი, , Georgia"
"138","Child, Family, Society","ბავშვი, ოჯახი, საზოგადოება","ა(ა)იპ","სერვისები ბავშვებისათვის; Children","მარნეულის ადრეული განვითარების პროგრამა -ბავშვი, ოჯახი, საზოგადოება/ Marneuli early Intervantion program - child, family society","ადრეული განვითარება","ბავშვები 0-7 წლამდე ასაკის","მაია ბიბილეიშვილი","https://www.facebook.com/childfamilysociety/; http://childfamilysociety.ge/ka/","mabibi50@hotmail.com","577715609","კახეთი","მარნეული","მარნეულის მუნიციპალიტეტი,სოფ.ყიზილარჯო","41.44273","45.79102","მარნეულის მუნიციპალიტეტი,სოფ.ყიზილარჯო","მარნეულის მუნიციპალიტეტი,სოფ.ყიზილარჯო, მარნეული, კახეთი, Georgia"
"139","Child and Environment","ბავშვი და გარემო","ა(ა)იპ","სერვისები ბავშვებისათვის; Children","რუსთავის მცირე საოჯახო ტიპის სახლი ბავშვი და გარემო /Rustavi small group home Child and environment","მცირე საოჯახო ტიპის სახლი","ბავშვები 6-18 წლამდე ასაკის","ნანა იაშვილი","http://www.childandenvironment.org.ge/g_home.html","bavshvi@caucasus.net   ","577 40 54 03 ","ქვემო-ქართლი","რუსთავი","ბარათაშვილის ქ. N19","41.54981265","45.0100533442251","ბარათაშვილის  19","ბარათაშვილის 19, რუსთავი, ქვემო-ქართლი, Georgia"
"140","SOS Children's Villages Gerogia","საქართველოს ეს-ო-ეს ბავშვთა სოფელი","ა(ა)იპ","სერვისები ბავშვებისათვის; Children","","მცირე საოჯახო ტიპის სახლი","ბავშვები 6-18 წლამდე ასაკის","ზვიად ბერძენიშვილი    თამარ ჭანტურია  ","http://www.sos-childrensvillages.ge/; https://www.facebook.com/SOSChildrensVillagesGeorgia/","zviad.berdzenishvili@sos-kd.ge tamar.chanturia@sos-kd.ge                                                                      ","577405934; 577 17 22 44","თბილისი","ვაკე-საბურთალოს რაიონი","ჰერმან გმაინერის 1(ნუცუბიძის მე-IV მ/რ)სახლი №8","41.44273","45.79102","ჰერმან გმაინერის 1(ნუცუბიძის მე-IV მ/რ)სახლი 8","ჰერმან გმაინერის 1(ნუცუბიძის მე-IV მ/რ)სახლი 8, ვაკე-საბურთალოს რაიონი, თბილისი, Georgia"
"141","SOS Children's Villages Gerogia","საქართველოს ეს-ო-ეს ბავშვთა სოფელი","ა(ა)იპ","სერვისები ბავშვებისათვის; Children","","მცირე საოჯახო ტიპის სახლი","ბავშვები 6-18 წლამდე ასაკის","ზვიად ბერძენიშვილი    თამარ ჭანტურია  ","http://www.sos-childrensvillages.ge/; https://www.facebook.com/SOSChildrensVillagesGeorgia/","zviad.berdzenishvili@sos-kd.ge    tamar.chanturia@sos-kd.ge                                                                      ","577405934; 577 17 22 44","თბილისი","ვაკე-საბურთალოს რაიონი","ჰერმან გმაინერის 1(ნუცუბიძის მე-IV მ/რ)სახლი №9","41.44273","45.79102","ჰერმან გმაინერის 1(ნუცუბიძის მე-IV მ/რ)სახლი 9","ჰერმან გმაინერის 1(ნუცუბიძის მე-IV მ/რ)სახლი 9, ვაკე-საბურთალოს რაიონი, თბილისი, Georgia"
"142","SOS Children's Villages Gerogia","საქართველოს ეს-ო-ეს ბავშვთა სოფელი","ა(ა)იპ","სერვისები ბავშვებისათვის; Children","","მცირე საოჯახო ტიპის სახლი","ბავშვები 6-18 წლამდე ასაკის","ზვიად ბერძენიშვილი    თამარ ჭანტურია  ","http://www.sos-childrensvillages.ge/; https://www.facebook.com/SOSChildrensVillagesGeorgia/","zviad.berdzenishvili@sos-kd.ge    tamar.chanturia@sos-kd.ge                                                                      ","577405934; 577 17 22 44","თბილისი","ვაკე-საბურთალოს რაიონი","ჰერმან გმაინერის 1(ნუცუბიძის მე-IV მ/რ)სახლი №3","41.44273","45.79102","ჰერმან გმაინერის 1(ნუცუბიძის მე-IV მ/რ)სახლი 3","ჰერმან გმაინერის 1(ნუცუბიძის მე-IV მ/რ)სახლი 3, ვაკე-საბურთალოს რაიონი, თბილისი, Georgia"
"143","Charity-Humanitarian Foundation ""Breath"" Georgia","საქველმოქმედო-ჰუმანიტარული ფონდი ""ბრეს"" საქართველო","ა(ა)იპ","სერვისები ბავშვებისათვის; Children","ქუთაისის მცირე საოჯახო ტიპის სახლი ბრეს/ Kutaisi small group home breath","მცირე საოჯახო ტიპის სახლი","ბავშვები 6-18 წლამდე ასაკის","ანა ჩაჩხუნაშვილი ","https://www.facebook.com/pg/BreathGeorgia/about/","anachachkhunashvili@gmail.com","599274017","იმერეთი","ქუთაისი","კეკელიძის ქ. N26","42.2608005","42.6775146","კეკელიძის  26","კეკელიძის 26, ქუთაისი, იმერეთი, Georgia"
"144","Charity-Humanitarian Foundation ""Breath"" Georgia","საქველმოქმედო-ჰუმანიტარული ფონდი ""ბრეს"" საქართველო","ა(ა)იპ","სერვისები ბავშვებისათვის; Children","თელავის მცირე საოჯახო ტიპის სახლი ბრეს/ Telavi small group home breath","მცირე საოჯახო ტიპის სახლი","ბავშვები 6-18 წლამდე ასაკის","ანა ჩაჩხუნაშვილი ","https://www.facebook.com/pg/BreathGeorgia/about/","anachachkhunashvili@gmail.com","599274017","კახეთი","თელავი","გრიგოლ ორბელიანის ქ. N6","41.9181329","45.4629594","გრიგოლ ორბელიანის  6","გრიგოლ ორბელიანის 6, თელავი, კახეთი, Georgia"
"145","Young Pedagogues Union","ახალგაზრთა პედაგოგთა კავშირი","ა(ა)იპ","სერვისები ბავშვებისათვის; Children","","მცირე საოჯახო ტიპის სახლი","ბავშვები 6-18 წლამდე ასაკის","მარინა თოფურია","http://apk.ge/","YPUozurgeti@yahoo.com","593 33 23 17         ","გურია","ოზურგეთი","აღმაშენებლის №53","41.921095","42.0041106","აღმაშენებლის 53","აღმაშენებლის 53, ოზურგეთი, გურია, Georgia"
"146","Caritas Georgia","საქველმოქმედო ფონდი საქართველოს კარიტასი","ა(ა)იპ","სერვისები ბავშვებისათვის; Children","ათიმნათი; პირველი სახლი/ Atimnati; First house ","მცირე საოჯახო ტიპის სახლი","ბავშვები 6-18 წლამდე ასაკის","თამარ შარაშიძე","https://caritas.ge/ka/%E1%83%98%E1%83%9B%E1%83%9D%E1%83%A5%E1%83%9B%E1%83%94%E1%83%93%E1%83%94/; https://www.facebook.com/Caritas-Georgia-233814750021300/","tamar.sharashidze@caritas.ge","591229701  ","თბილისი","დიდუბე-ჩუღურეთის რაიონი","თორნიკე ერისთავის ქ. N2დ","41.7473096","44.780045","თორნიკე ერისთავის  2დ","თორნიკე ერისთავის 2დ, დიდუბე-ჩუღურეთის რაიონი, თბილისი, Georgia"
"147","Batumi Education, Development and Employment Center","ბათუმის განათლების, განვითარების და დასაქმების ცენტრი","ა(ა)იპ","სერვისები ბავშვებისათვის; Children","ბათუმის მცირე საოჯახო ტიპის სახლი  -ბათუმის განათლების, განვითარების და დასაქმების ცენტრი/ Batumi small group home BEDEC","მცირე საოჯახო ტიპის სახლი","ბავშვები 6-18 წლამდე ასაკის"," მაია ქათამაძე  ","","maya.katamadze@gmail.com","593730293","აჭარა","ბათუმი","26 მაისის ქ. N106","41.44273","45.79102","26 მაისის  106","26 მაისის 106, ბათუმი, აჭარა, Georgia"
"148","Charity-Humanitarian Foundation ""Breath"" Georgia","საქველმოქმედო-ჰუმანიტარული ფონდი ""ბრეს"" საქართველო","ა(ა)იპ","სერვისები ბავშვებისათვის; Children","დუშეთის მცირე საოჯახო ტიპის სახლი ბრეს/ Dusheti small group home breath","მცირე საოჯახო ტიპის სახლი","ბავშვები 6-18 წლამდე ასაკის","ანა ჩაჩხუნაშვილი ","https://www.facebook.com/pg/BreathGeorgia/about/","anachachkhunashvili@gmail.com","599274017","მცხეთა-მთიანეთი","დუშეთი","ნაზი შამანაურის ქ N94","41.44273","45.79102","ნაზი შამანაურის ქ 94","ნაზი შამანაურის ქ 94, დუშეთი, მცხეთა-მთიანეთი, Georgia"
"149","Society ""Biliki""","საზოგადოება ""ბილიკი""","ა(ა)იპ","სერვისები ბავშვებისათვის; Children","ხაშური მცირე საოჯახო ტიპის სახლი ბილიკი/Khashuri Small group Home -Biliki","მცირე საოჯახო ტიპის სახლი","ბავშვები 6-18 წლამდე ასაკის","მარინა მღებრიშვილი","https://www.facebook.com/societybiliki/; http://www.biliki.ge/index.php/ka-ge/","m.mgerbishvili@biliki.ge ","599 53 40 35 ","შიდა ქართლი","ხაშური","კახა მეტრეველის ქ.N23","41.44273","45.79102","კახა მეტრეველის 23","კახა მეტრეველის 23, ხაშური, შიდა ქართლი, Georgia"
"150","Society ""Biliki""","საზოგადოება ""ბილიკი""","ა(ა)იპ","სერვისები ბავშვებისათვის; Children","გორის მცირე საოჯახო ტიპის სახლი ბილიკი/Gori Small group Home -Biliki","მცირე საოჯახო ტიპის სახლი","ბავშვები 6-18 წლამდე ასაკის","მარინა მღებრიშვილი","https://www.facebook.com/societybiliki/; http://www.biliki.ge/index.php/ka-ge/","m.mgerbishvili@biliki.ge ","599 53 40 35 ","შიდა ქართლი","გორი","თავზიშვილის ქ. №20","41.9915528","44.10661","თავზიშვილის  20","თავზიშვილის 20, გორი, შიდა ქართლი, Georgia"
"151","Society ""Biliki""","საზოგადოება ""ბილიკი""","ა(ა)იპ","სერვისები ბავშვებისათვის; Children","ხაშური მცირე საოჯახო ტიპის სახლი პუშკინზე ბილიკი/Khashuri Small group Home  on Pushkin Street-Biliki","მცირე საოჯახო ტიპის სახლი","ბავშვები 6-18 წლამდე ასაკის","მარინა მღებრიშვილი","https://www.facebook.com/societybiliki/; http://www.biliki.ge/index.php/ka-ge/","m.mgerbishvili@biliki.ge ","599 53 40 35 ","შიდა ქართლი","ხაშური","პუშკინის ქ №24ა","41.44273","45.79102","პუშკინის ქ 24ა","პუშკინის ქ 24ა, ხაშური, შიდა ქართლი, Georgia"
"152","SOS Children's Villages Gerogia","საქართველოს ეს-ო-ეს ბავშვთა სოფელი","ა(ა)იპ","სერვისები ბავშვებისათვის; Children","ხონის მცირე საოჯახო ტიპის სახლი SOS/Khoni Small group home SOS","მცირე საოჯახო ტიპის სახლი","ბავშვები 6-18 წლამდე ასაკის","ზვიად ბერძენიშვილი    თამარ ჭანტურია  ","http://www.sos-childrensvillages.ge/; https://www.facebook.com/SOSChildrensVillagesGeorgia/","zviad.berdzenishvili@sos-kd.ge; tamar.chanturia@sos-kd.ge                                                                      ","577405934; 577 17 22 44","იმერეთი","ხონი","იპ. ხვიჩიას N28","41.44273","45.79102","იპ. ხვიჩიას 28","იპ. ხვიჩიას 28, ხონი, იმერეთი, Georgia"
"153","SOS Children's Villages Gerogia","საქართველოს ეს-ო-ეს ბავშვთა სოფელი","ა(ა)იპ","სერვისები ბავშვებისათვის; Children","ქუთაისის  მცირე საოჯახო ტიპის სახლი SOS/Kutaisi Small group home SOS","მცირე საოჯახო ტიპის სახლი","ბავშვები 6-18 წლამდე ასაკის","ზვიად ბერძენიშვილი    თამარ ჭანტურია  ","http://www.sos-childrensvillages.ge/; https://www.facebook.com/SOSChildrensVillagesGeorgia/","zviad.berdzenishvili@sos-kd.ge; tamar.chanturia@sos-kd.ge                                                                      ","577405934; 577 17 22 44","იმერეთი","ქუთაისი","დადიანის N17","42.258817","42.6322973","დადიანის 17","დადიანის 17, ქუთაისი, იმერეთი, Georgia"
"154","SOS Children's Villages Gerogia","საქართველოს ეს-ო-ეს ბავშვთა სოფელი","ა(ა)იპ","სერვისები ბავშვებისათვის; Children","საჩხერეს  მცირე საოჯახო ტიპის სახლი SOS/Sachkhere Small group home SOS","მცირე საოჯახო ტიპის სახლი","ბავშვები 6-18 წლამდე ასაკის","ზვიად ბერძენიშვილი    თამარ ჭანტურია  ","http://www.sos-childrensvillages.ge/; https://www.facebook.com/SOSChildrensVillagesGeorgia/","zviad.berdzenishvili@sos-kd.ge; tamar.chanturia@sos-kd.ge                                                                      ","577405934; 577 17 22 44","იმერეთი","საჩხერე","სოფელი ბაჯითი","41.44273","45.79102","სოფელი ბაჯითი","სოფელი ბაჯითი, საჩხერე, იმერეთი, Georgia"
"155","SOS Children's Villages Gerogia","საქართველოს ეს-ო-ეს ბავშვთა სოფელი","ა(ა)იპ","სერვისები ბავშვებისათვის; Children","ზესტაფონის მცირე საოჯახო ტიპის სახლი SOS/ Zestaphoni Small group home SOS","მცირე საოჯახო ტიპის სახლი","ბავშვები 6-18 წლამდე ასაკის","ზვიად ბერძენიშვილი    თამარ ჭანტურია  ","http://www.sos-childrensvillages.ge/; https://www.facebook.com/SOSChildrensVillagesGeorgia/","zviad.berdzenishvili@sos-kd.ge; tamar.chanturia@sos-kd.ge                                                                      ","577405934; 577 17 22 44","იმერეთი","ზესტაფონი","სოფ. კვალითი","41.44273","45.79102","სოფ. კვალითი","სოფ. კვალითი, ზესტაფონი, იმერეთი, Georgia"
"156","SOS Children's Villages Gerogia","საქართველოს ეს-ო-ეს ბავშვთა სოფელი","ა(ა)იპ","სერვისები ბავშვებისათვის; Children","ამბროლაურის მცირე საოჯახო ტიპის სახლი SOS/ Ambrolauri Small group home SOS","მცირე საოჯახო ტიპის სახლი","ბავშვები 6-18 წლამდე ასაკის","ზვიად ბერძენიშვილი    თამარ ჭანტურია  ","http://www.sos-childrensvillages.ge/; https://www.facebook.com/SOSChildrensVillagesGeorgia/","zviad.berdzenishvili@sos-kd.ge; tamar.chanturia@sos-kd.ge                                                                      ","577405934; 577 17 22 44","რაჭა-ლეჩხუმი","ამბროლაური","წერეთლის 8","41.44273","45.79102","წერეთლის 8","წერეთლის 8, ამბროლაური, რაჭა-ლეჩხუმი, Georgia"
"157","SOS Children's Villages Gerogia","საქართველოს ეს-ო-ეს ბავშვთა სოფელი","ა(ა)იპ","სერვისები ბავშვებისათვის; Children","წალენჯიხის მცირე საოჯახო ტიპის სახლი SOS/ Tsalenjikha Small group home SOS","მცირე საოჯახო ტიპის სახლი","ბავშვები 6-18 წლამდე ასაკის","ზვიად ბერძენიშვილი    თამარ ჭანტურია  ","http://www.sos-childrensvillages.ge/; https://www.facebook.com/SOSChildrensVillagesGeorgia/","zviad.berdzenishvili@sos-kd.ge; tamar.chanturia@sos-kd.ge                                                                      ","577405934; 577 17 22 44","სამეგრელო","წალენჯიხა","ლევან II დადიანის","41.44273","45.79102","ლევან II დადიანის","ლევან II დადიანის, წალენჯიხა, სამეგრელო, Georgia"
"158","SOS Children's Villages Gerogia","საქართველოს ეს-ო-ეს ბავშვთა სოფელი","ა(ა)იპ","სერვისები ბავშვებისათვის; Children","წალენჯიხის ( სოხუმის  ქუჩა) მცირე საოჯახო ტიპის სახლი SOS/ Tsalenjikha ( Sokhumi street)  Small group home SOS","მცირე საოჯახო ტიპის სახლი","ბავშვები 6-18 წლამდე ასაკის","ზვიად ბერძენიშვილი    თამარ ჭანტურია  ","http://www.sos-childrensvillages.ge/; https://www.facebook.com/SOSChildrensVillagesGeorgia/","zviad.berdzenishvili@sos-kd.ge; tamar.chanturia@sos-kd.ge                                                                      ","577405934; 577 17 22 44","სამეგრელო","წალენჯიხა","სოხუმის ქ.(ქვ. მაზანდარა)","41.44273","45.79102","სოხუმის (ქვ. მაზანდარა)","სოხუმის (ქვ. მაზანდარა), წალენჯიხა, სამეგრელო, Georgia"
"159","SOS Children's Villages Gerogia","საქართველოს ეს-ო-ეს ბავშვთა სოფელი","ა(ა)იპ","სერვისები ბავშვებისათვის; Children","ჩხოროწყუს მცირე საოჯახო ტიპის სახლი SOS/ Chkhorotsku Small group home SOS","მცირე საოჯახო ტიპის სახლი","ბავშვები 6-18 წლამდე ასაკის","ზვიად ბერძენიშვილი    თამარ ჭანტურია  ","http://www.sos-childrensvillages.ge/; https://www.facebook.com/SOSChildrensVillagesGeorgia/","zviad.berdzenishvili@sos-kd.ge; tamar.chanturia@sos-kd.ge                                                                      ","577405934; 577 17 22 44","სამეგრელო","ჩხოროწყუ","შენგელიას 24","41.44273","45.79102","შენგელიას 24","შენგელიას 24, ჩხოროწყუ, სამეგრელო, Georgia"
"160","Divine Child Foundation of Georgia","დივაინ ჩაილდ ფოუნდეიშენ ოფ ჯორჯია","ა(ა)იპ","სერვისები ბავშვებისათვის; Children","წილკანის მცირე საოჯახო ტიპის სახლი/ Tsilkani Small group Home","მცირე საოჯახო ტიპის სახლი","ბავშვები 6-18 წლამდე ასაკის","ლალი ცერცვაძე","http://www.divinechildfoundation.org/; https://www.facebook.com/Divine-Child-Foundation-of-Georgia-225371697867753/","lalicercvadze@gmail.com","599100940; 574 55 75 54","მცხეთა-მთიანეთი","მცხეთის რ-ნი","სოფ.წილკანი","41.44273","45.79102","სოფ.წილკანი","სოფ.წილკანი, მცხეთის რ-ნი, მცხეთა-მთიანეთი, Georgia"
"161","Divine Child Foundation of Georgia","დივაინ ჩაილდ ფოუნდეიშენ ოფ ჯორჯია","ა(ა)იპ","სერვისები ბავშვებისათვის; Children","გალავანის მცირე საოჯახო ტიპის სახლი/ Galavani Small group Home","მცირე საოჯახო ტიპის სახლი","ბავშვები 6-18 წლამდე ასაკის","ლალი ცერცვაძე","http://www.divinechildfoundation.org/; https://www.facebook.com/Divine-Child-Foundation-of-Georgia-225371697867753/","lalicercvadze@gmail.com","599100940; 574 55 75 54","მცხეთა-მთიანეთი","მცხეთის რ-ნი","სოფ.გალავანი","41.44273","45.79102","სოფ.გალავანი","სოფ.გალავანი, მცხეთის რ-ნი, მცხეთა-მთიანეთი, Georgia"
"162","Charity Humanitarian Centre Abkhazeti (CHCA)","ფონდი საქველმოქმედო ჰუმანიტარიული ცენტრი""აფხაზეთი""","ა(ა)იპ","სერვისები ბავშვებისათვის; Children","კურდღელაურის მცირე საოჯახო ტიპის სახლი ცენტრი აფხაზეთი/ Kurdgelauri Small group home center Apkhazeti","მცირე საოჯახო ტიპის სახლი","ბავშვები 6-18 წლამდე ასაკის","თეა კაჭარავა  ","http://www.chca.org.ge/index.php/ka/; https://www.facebook.com/CHCAGeorgia/","cypp@chca.org.ge","599 65 11 77  ","კახეთი","თელავის რ-ნი","სოფ.კურდღელაური","41.44273","45.79102","სოფ.კურდღელაური","სოფ.კურდღელაური, თელავის რ-ნი, კახეთი, Georgia"
"163","Charity Humanitarian Centre Abkhazeti (CHCA)","ფონდი საქველმოქმედო ჰუმანიტარიული ცენტრი""აფხაზეთი""","ა(ა)იპ","სერვისები ბავშვებისათვის; Children","ვარდისუბანის მცირე საოჯახო ტიპის სახლი ცენტრი აფხაზეთი/ Vardisubani Small group home center Apkhazeti","მცირე საოჯახო ტიპის სახლი","ბავშვები 6-18 წლამდე ასაკის","თეა კაჭარავა  ","http://www.chca.org.ge/index.php/ka/; https://www.facebook.com/CHCAGeorgia/","cypp@chca.org.ge","599 65 11 77  ","კახეთი","თელავის რ-ნი","სოფ. ვარდისუბანი","41.44273","45.79102","სოფ. ვარდისუბანი","სოფ. ვარდისუბანი, თელავის რ-ნი, კახეთი, Georgia"
"164","Charity Humanitarian Centre Abkhazeti (CHCA)","ფონდი საქველმოქმედო ჰუმანიტარიული ცენტრი""აფხაზეთი""","ა(ა)იპ","სერვისები ბავშვებისათვის; Children","ბაისუბანის მცირე საოჯახო ტიპის სახლი ცენტრი აფხაზეთი/ Baisubani Small group home center Apkhazeti","მცირე საოჯახო ტიპის სახლი","ბავშვები 6-18 წლამდე ასაკის","თეა კაჭარავა  ","http://www.chca.org.ge/index.php/ka/; https://www.facebook.com/CHCAGeorgia/","cypp@chca.org.ge","599 65 11 77  ","კახეთი","ლაგოდეხის რ-ნი","სოფ. ბაისუბანი","41.44273","45.79102","სოფ. ბაისუბანი","სოფ. ბაისუბანი, ლაგოდეხის რ-ნი, კახეთი, Georgia"
"165","Future Beam","მომავლის სხივი","ა(ა)იპ","სერვისები ბავშვებისათვის; Children","წმინდა ბარბარეს სახელობის სახლი ;Saint Barbare house","მცირე საოჯახო ტიპის სახლი","ბავშვები 6-18 წლამდე ასაკის","ხათუნა ცერცვაძე","https://www.facebook.com/momavlisskhivi/","kcercvadze@gmail.com","595 55 65 44 ","გურია","ოზურგეთი","აღმაშენებლის 148","41.921095","42.0041106","აღმაშენებლის 148","აღმაშენებლის 148, ოზურგეთი, გურია, Georgia"
"166","Future Beam","მომავლის სხივი","ა(ა)იპ","სერვისები ბავშვებისათვის; Children","წმინდა ქრისტეფორე გურულის სახლი; Saint Kristephore Guruli house","მცირე საოჯახო ტიპის სახლი","ბავშვები 6-18 წლამდე ასაკის","ხათუნა ცერცვაძე","https://www.facebook.com/momavlisskhivi/","kcercvadze@gmail.com","595 55 65 44 ","გურია","ლანჩხუთი","ლესა","42.0816139","41.9599085","ლესა","ლესა, ლანჩხუთი, გურია, Georgia"
"167","Child and Environment","ბავშვი და გარემო","ა(ა)იპ","სერვისები ბავშვებისათვის; Children","გარდაბნის მცირე საოჯახო ტიპის სახლი -ბავშვი და გარემო/Gardabani small group home- child and environment","მცირე საოჯახო ტიპის სახლი","ბავშვები 6-18 წლამდე ასაკის","ნანა იაშვილი","https://www.facebook.com/momavlisskhivi/","bavshvi@caucasus.net   ","577 40 54 03 ","ქვემო-ქართლი","გარდაბანი","სოფ.ნორიო","41.44273","45.79102","სოფ.ნორიო","სოფ.ნორიო, გარდაბანი, ქვემო-ქართლი, Georgia"
"168","SOS Children's Villages Gerogia","საქართველოს ეს-ო-ეს ბავშვთა სოფელი","ა(ა)იპ","სერვისები ბავშვებისათვის; Children","","მცირე საოჯახო ტიპის სახლი","ბავშვები 6-18 წლამდე ასაკის","ზვიად ბერძენიშვილი    თამარ ჭანტურია  ","http://www.sos-childrensvillages.ge/; https://www.facebook.com/SOSChildrensVillagesGeorgia/","zviad.berdzenishvili@sos-kd.ge; tamar.chanturia@sos-kd.ge                                                                      ","577405934; 577 17 22 44","თბილისი","თბილისი","ჰერმან გმაინერის 1(ნუცუბიძის მე-IV მ/რ)სახლი №3","41.44273","45.79102","ჰერმან გმაინერის 1(ნუცუბიძის მე-IV მ/რ)სახლი 3","ჰერმან გმაინერის 1(ნუცუბიძის მე-IV მ/რ)სახლი 3, თბილისი, , Georgia"
"169","SOS Children's Villages Gerogia","საქართველოს ეს-ო-ეს ბავშვთა სოფელი","ა(ა)იპ","სერვისები ბავშვებისათვის; Children","","მცირე საოჯახო ტიპის სახლი","ბავშვები 6-18 წლამდე ასაკის","ზვიად ბერძენიშვილი    თამარ ჭანტურია  ","http://www.sos-childrensvillages.ge/; https://www.facebook.com/SOSChildrensVillagesGeorgia/","zviad.berdzenishvili@sos-kd.ge; tamar.chanturia@sos-kd.ge                                                                      ","577405934; 577 17 22 44","თბილისი","თბილისი","ჰერმან გმაინერის 1(ნუცუბიძის მე-IV მ/რ)სახლი №3","41.44273","45.79102","ჰერმან გმაინერის 1(ნუცუბიძის მე-IV მ/რ)სახლი 3","ჰერმან გმაინერის 1(ნუცუბიძის მე-IV მ/რ)სახლი 3, თბილისი, , Georgia"
"170","SOS Children's Villages Gerogia","საქართველოს ეს-ო-ეს ბავშვთა სოფელი","ა(ა)იპ","სერვისები ბავშვებისათვის; Children","","მცირე საოჯახო ტიპის სახლი","ბავშვები 6-18 წლამდე ასაკის","ზვიად ბერძენიშვილი    თამარ ჭანტურია  ","http://www.sos-childrensvillages.ge/; https://www.facebook.com/SOSChildrensVillagesGeorgia/","zviad.berdzenishvili@sos-kd.ge; tamar.chanturia@sos-kd.ge                                                                      ","577405934; 577 17 22 44","თბილისი","თბილისი","ჰერმან გმაინერის 1(ნუცუბიძის მე-IV მ/რ)სახლი №10","41.44273","45.79102","ჰერმან გმაინერის 1(ნუცუბიძის მე-IV მ/რ)სახლი 10","ჰერმან გმაინერის 1(ნუცუბიძის მე-IV მ/რ)სახლი 10, თბილისი, , Georgia"
"171","SOS Children's Villages Gerogia","საქართველოს ეს-ო-ეს ბავშვთა სოფელი","ა(ა)იპ","სერვისები ბავშვებისათვის; Children","","მცირე საოჯახო ტიპის სახლი","ბავშვები 6-18 წლამდე ასაკის","ზვიად ბერძენიშვილი    თამარ ჭანტურია  ","http://www.sos-childrensvillages.ge/; https://www.facebook.com/SOSChildrensVillagesGeorgia/","zviad.berdzenishvili@sos-kd.ge; tamar.chanturia@sos-kd.ge                                                                      ","577405934; 577 17 22 44","თბილისი","თბილისი","ჰერმან გმაინერის 1(ნუცუბიძის მე-IV მ/რ)სახლი №11","41.44273","45.79102","ჰერმან გმაინერის 1(ნუცუბიძის მე-IV მ/რ)სახლი 11","ჰერმან გმაინერის 1(ნუცუბიძის მე-IV მ/რ)სახლი 11, თბილისი, , Georgia"
"172","SOS Children's Villages Gerogia","საქართველოს ეს-ო-ეს ბავშვთა სოფელი","ა(ა)იპ","სერვისები ბავშვებისათვის; Children","","მცირე საოჯახო ტიპის სახლი","ბავშვები 6-18 წლამდე ასაკის","ზვიად ბერძენიშვილი    თამარ ჭანტურია  ","http://www.sos-childrensvillages.ge/; https://www.facebook.com/SOSChildrensVillagesGeorgia/","zviad.berdzenishvili@sos-kd.ge; tamar.chanturia@sos-kd.ge                                                                      ","577405934; 577 17 22 44","თბილისი","თბილისი","ჰერმან გმაინერის 1(ნუცუბიძის მე-IV მ/რ)სახლი №12","41.44273","45.79102","ჰერმან გმაინერის 1(ნუცუბიძის მე-IV მ/რ)სახლი 12","ჰერმან გმაინერის 1(ნუცუბიძის მე-IV მ/რ)სახლი 12, თბილისი, , Georgia"
"173","SOS Children's Villages Gerogia","საქართველოს ეს-ო-ეს ბავშვთა სოფელი","ა(ა)იპ","სერვისები ბავშვებისათვის; Children","","მცირე საოჯახო ტიპის სახლი","ბავშვები 6-18 წლამდე ასაკის","ზვიად ბერძენიშვილი    თამარ ჭანტურია  ","http://www.sos-childrensvillages.ge/; https://www.facebook.com/SOSChildrensVillagesGeorgia/","zviad.berdzenishvili@sos-kd.ge; tamar.chanturia@sos-kd.ge                                                                      ","577405934; 577 17 22 44","იმერეთი","ქუთაისი","ახალგაზრდობის გამზ. მე-3 შეს. სამხრეთ-დასავლეთით. სახლი N2","41.44273","45.79102","ახალგაზრდობის გამზ. მე-3 შეს. სამხრეთ-დასავლეთით. სახლი 2","ახალგაზრდობის გამზ. მე-3 შეს. სამხრეთ-დასავლეთით. სახლი 2, ქუთაისი, იმერეთი, Georgia"
"175","Charity Found ""My House""","საქველმოქმედო ფონდი ,,ჩემი სახლი”","ა(ა)იპ","სერვისები ბავშვებისათვის; Children","","მცირე საოჯახო ტიპის სახლი","ბავშვები 6-18 წლამდე ასაკის","ნინელი ჭანკვეტაძე  ნატა დურგლიშვილი","https://www.facebook.com/%E1%83%A1%E1%83%90%E1%83%A5%E1%83%95%E1%83%94%E1%83%9A%E1%83%9B%E1%83%9D%E1%83%A5%E1%83%9B%E1%83%94%E1%83%93%E1%83%9D-%E1%83%A4%E1%83%9D%E1%83%9C%E1%83%93%E1%83%98-%E1%83%A9%E1%83%94%E1%83%9B%E1%83%98-%E1%83%A1%E1%83%90%E1%83%AE%E1%83%9A%E1%83%98-759392420795986/","durglishvilinatalia@yahoo.com","599652324; 593 27 88 57","თბილისი","თბილისი","ყიფშიძის ქ. 13ა,","41.7142215","44.758931","ყიფშიძის  13ა,","ყიფშიძის 13ა, თბილისი, , Georgia"
"176","Caritas Georgia","საქველმოქმედო ფონდი საქართველოს კარიტასი","ა(ა)იპ","სერვისები ბავშვებისათვის; Children","ჩვენი სახლი/ our home","მცირე საოჯახო ტიპის სახლი","ბავშვები 6-18 წლამდე ასაკის","თამარ შარაშიძე","https://caritas.ge/ka/%E1%83%98%E1%83%9B%E1%83%9D%E1%83%A5%E1%83%9B%E1%83%94%E1%83%93%E1%83%94/","tamar.sharashidze@caritas.ge","591229701  ","ქვემო-ქართლი","გარდაბანი","სოფ.მარტყოფი","41.44273","45.79102","სოფ.მარტყოფი","სოფ.მარტყოფი, გარდაბანი, ქვემო-ქართლი, Georgia"
"177","SOS Children's Villages Gerogia","საქართველოს ეს-ო-ეს ბავშვთა სოფელი","ა(ა)იპ","სერვისები ბავშვებისათვის; Children","","მცირე საოჯახო ტიპის სახლი","ბავშვები 6-18 წლამდე ასაკის","ზვიად ბერძენიშვილი    თამარ ჭანტურია  ","http://www.sos-childrensvillages.ge/; https://www.facebook.com/SOSChildrensVillagesGeorgia/","zviad.berdzenishvili@sos-kd.ge; tamar.chanturia@sos-kd.ge                                                                      ","577405934; 577 17 22 44","იმერეთი","ქუთაისი","ახალგაზრდობის გამზ. მე-3 შეს. სამხრეთ-დასავლეთით.","41.44273","45.79102","ახალგაზრდობის გამზ. მე-3 შეს. სამხრეთ-დასავლეთით.","ახალგაზრდობის გამზ. მე-3 შეს. სამხრეთ-დასავლეთით., ქუთაისი, იმერეთი, Georgia"
"178","SOS Children's Villages Gerogia","საქართველოს ეს-ო-ეს ბავშვთა სოფელი","ა(ა)იპ","სერვისები ბავშვებისათვის; Children","","მცირე საოჯახო ტიპის სახლი","ბავშვები 6-18 წლამდე ასაკის","ზვიად ბერძენიშვილი    თამარ ჭანტურია  ","http://www.sos-childrensvillages.ge/; https://www.facebook.com/SOSChildrensVillagesGeorgia/","zviad.berdzenishvili@sos-kd.ge; tamar.chanturia@sos-kd.ge                                                                      ","577405934; 577 17 22 44","იმერეთი","ქუთაისი","ახალგაზრდობის გამზ. მე-3 შეს. სამხრეთ-დასავლეთით.","41.44273","45.79102","ახალგაზრდობის გამზ. მე-3 შეს. სამხრეთ-დასავლეთით.","ახალგაზრდობის გამზ. მე-3 შეს. სამხრეთ-დასავლეთით., ქუთაისი, იმერეთი, Georgia"
"179","Social Partnership (NAAP Chernovetski Foundation)","სოციალური პარტნიორობა(ააიპ ჩერნოვეცკის ფონდი)","ა(ა)იპ","სერვისები ბავშვებისათვის; Children","","მცირე საოჯახო ტიპის სახლი","ბავშვები 6-18 წლამდე ასაკის","ანდრეი კურსკი     ლევან ყაჯრიშვილი    ","https://chernovetskyifund.ge/ge/;https://www.facebook.com/ChernovetskyiFund/","uiic@mail.ru  levani-kaj@mail.ru ","577223038; 577924090","თბილისი","თბილისი","მეუნარგიას ქ. N42","41.44273","45.79102","მეუნარგიას  42","მეუნარგიას 42, თბილისი, , Georgia"
"180","SOS Children's Villages Gerogia","საქართველოს ეს-ო-ეს ბავშვთა სოფელი","ა(ა)იპ","სერვისები ბავშვებისათვის; Children","","მცირე საოჯახო ტიპის სახლი","ბავშვები 6-18 წლამდე ასაკის","ზვიად ბერძენიშვილი    თამარ ჭანტურია  ","http://www.sos-childrensvillages.ge/; https://www.facebook.com/SOSChildrensVillagesGeorgia/","zviad.berdzenishvili@sos-kd.ge; tamar.chanturia@sos-kd.ge                                                                      ","577405934; 577 17 22 44","იმერეთი","ქუთაისი","ახალგაზრდობის გამზირი, მე-3 შეს. N5","41.44273","45.79102","ახალგაზრდობის გამზირი, მე-3 შეს. 5","ახალგაზრდობის გამზირი, მე-3 შეს. 5, ქუთაისი, იმერეთი, Georgia"
"181","SOS Children's Villages Gerogia","საქართველოს ეს-ო-ეს ბავშვთა სოფელი","ა(ა)იპ","სერვისები ბავშვებისათვის; Children","","მცირე საოჯახო ტიპის სახლი","ბავშვები 6-18 წლამდე ასაკის","ზვიად ბერძენიშვილი    თამარ ჭანტურია  ","http://www.sos-childrensvillages.ge/; https://www.facebook.com/SOSChildrensVillagesGeorgia/","zviad.berdzenishvili@sos-kd.ge; tamar.chanturia@sos-kd.ge                                                                      ","577405934; 577 17 22 44","იმერეთი","ქუთაისი","ახაგაზრდობის გამზირი მე-3 შესახვევი სამხერეთ-დასავლეთი N12","41.44273","45.79102","ახაგაზრდობის გამზირი მე-3 შესახვევი სამხერეთ-დასავლეთი 12","ახაგაზრდობის გამზირი მე-3 შესახვევი სამხერეთ-დასავლეთი 12, ქუთაისი, იმერეთი, Georgia"
"182","SOS Children's Villages Gerogia","საქართველოს ეს-ო-ეს ბავშვთა სოფელი","ა(ა)იპ","სერვისები ბავშვებისათვის; Children","","მცირე საოჯახო ტიპის სახლი","ბავშვები 6-18 წლამდე ასაკის","ზვიად ბერძენიშვილი    თამარ ჭანტურია  ","http://www.sos-childrensvillages.ge/; https://www.facebook.com/SOSChildrensVillagesGeorgia/","zviad.berdzenishvili@sos-kd.ge; tamar.chanturia@sos-kd.ge                                                                      ","577405934; 577 17 22 44","თბილისი","თბილისი","ჰერმან გმაინერის 1(ნუცუბიძის მე-IV მ/რ)","41.44273","45.79102","ჰერმან გმაინერის 1(ნუცუბიძის მე-IV მ/რ)","ჰერმან გმაინერის 1(ნუცუბიძის მე-IV მ/რ), თბილისი, , Georgia"
"183","Divine Child Foundation of Georgia","დივაინ ჩაილდ ფოუნდეიშენ ოფ ჯორჯია","ა(ა)იპ","სერვისები ბავშვებისათვის; Children"," თბილისის  მცირე საოჯახო ტიპის სახლი/ Tbilisi Small group Home","მცირე საოჯახო ტიპის სახლი","ბავშვები 6-18 წლამდე ასაკის","ლალი ცერცვაძე","http://www.divinechildfoundation.org/; https://www.facebook.com/Divine-Child-Foundation-of-Georgia-225371697867753/","lalicercvadze@gmail.com","599100940;  574 55 75 54 ","თბილისი","თბილისი","ბეჟანიშვილის შეს. N8","41.44273","45.79102","ბეჟანიშვილის შეს. 8","ბეჟანიშვილის შეს. 8, თბილისი, , Georgia"
"184","Divine Child Foundation of Georgia","დივაინ ჩაილდ ფოუნდეიშენ ოფ ჯორჯია","ა(ა)იპ","სერვისები ბავშვებისათვის; Children","სოფელი გლდანის მცირე საოჯახო ტიპის სახლი/ Villlage Gldani Small group Home","მცირე საოჯახო ტიპის სახლი","ბავშვები 6-18 წლამდე ასაკის","ლალი ცერცვაძე","http://www.divinechildfoundation.org/; https://www.facebook.com/Divine-Child-Foundation-of-Georgia-225371697867753/","lalicercvadze@gmail.com","599100940;  574 55 75 54","თბილისი","თბილისი","სოფელი გლდანი","41.8239848","44.8280783","სოფელი გლდანი","სოფელი გლდანი, თბილისი, , Georgia"
"185","SOS Children's Villages Gerogia","საქართველოს ეს-ო-ეს ბავშვთა სოფელი","ა(ა)იპ","სერვისები ბავშვებისათვის; Children","","მცირე საოჯახო ტიპის სახლი","ბავშვები 6-18 წლამდე ასაკის","ზვიად ბერძენიშვილი    თამარ ჭანტურია  ","http://www.sos-childrensvillages.ge/; https://www.facebook.com/SOSChildrensVillagesGeorgia/","zviad.berdzenishvili@sos-kd.ge; tamar.chanturia@sos-kd.ge                                                                      ","577405934; 577 17 22 44","იმერეთი","ქუთაისი","ახალგაზრდობის გამზ. მე-3 შეს. სამხრეთ-დასავლეთით.","41.44273","45.79102","ახალგაზრდობის გამზ. მე-3 შეს. სამხრეთ-დასავლეთით.","ახალგაზრდობის გამზ. მე-3 შეს. სამხრეთ-დასავლეთით., ქუთაისი, იმერეთი, Georgia"
"187","Caritas Georgia","საქველმოქმედო ფონდი საქართველოს კარიტასი","ა(ა)იპ","სერვისები ბავშვებისათვის; Children","ჩემი სახლი/my home","მიუსაფარ ბავშვთა თავშესაფარი","მიუსაფარი ბავშვები","თამარ შარაშიძე","https://caritas.ge/ka/%E1%83%98%E1%83%9B%E1%83%9D%E1%83%A5%E1%83%9B%E1%83%94%E1%83%93%E1%83%94/","tamar.sharashidze@caritas.ge","591229701  ","თბილისი","თბილისი","მანჯგალაძის N59","41.7277842","44.8004704","მანჯგალაძის 59","მანჯგალაძის 59, თბილისი, , Georgia"
"188","World Vision International","ვორლდ ვიჟენ ინტერნაციონალი (World Vision International)","ა(ა)იპ","სერვისები ბავშვებისათვის; Children","თბილისის მიუსაფარ ბავშვთა  თავშესაფარი/Tbilisi shelter for homeless children","მიუსაფარ ბავშვთა თავშესაფარი","მიუსაფარი ბავშვები","მაია მგელიაშვილი","http://www.wvi.org/georgia;  https://www.facebook.com/WorldVisionInternational/","mayanm@gmail.com","593380777","თბილისი","თბილისი","ჩიქობავას ქ 29 ","41.44273","45.79102","ჩიქობავას ქ 29 ","ჩიქობავას ქ 29, თბილისი, , Georgia"
"189","Caritas Georgia","საქველმოქმედო ფონდი საქართველოს კარიტასი","ა(ა)იპ","სერვისები ბავშვებისათვის; Children","თბილი სახლი/ warm home","მიუსაფარ ბავშვთა თავშესაფარი","მიუსაფარი ბავშვები","თამარ შარაშიძე","https://caritas.ge/ka/%E1%83%98%E1%83%9B%E1%83%9D%E1%83%A5%E1%83%9B%E1%83%94%E1%83%93%E1%83%94/","tamar.sharashidze@caritas.ge","591229701  ","ქვემო-ქართლი","რუსთავი","ფალიაშვილის ქუჩის მიმდებარე ტერიტორია, 
N18 საჯარო სკოლის მიმდებარე ტერიტორია","41.44273","45.79102","ფალიაშვილის ქუჩის მიმდებარე ტერიტორია, 
18 საჯარო სკოლის მიმდებარე ტერიტორია","ფალიაშვილის ქუჩის მიმდებარე ტერიტორია, 
18 საჯარო სკოლის მიმდებარე ტერიტორია, რუსთავი, ქვემო-ქართლი, Georgia"
"190","World Vision International","ვორლდ ვიჟენ ინტერნაციონალი (World Vision International)","ა(ა)იპ","სერვისები ბავშვებისათვის; Children","ქუთაისის მიუსაფარ ბავშვთა თავშესაფარი/Kutaisi shelter for homeless children","მიუსაფარ ბავშვთა თავშესაფარი","მიუსაფარი ბავშვები","მაია მგელიაშვილი","http://www.wvi.org/georgia;  https://www.facebook.com/WorldVisionInternational/","mayanm@gmail.com","593380777","იმერეთი","ქუთაისი","26 მაისის ქ. N43","41.44273","45.79102","26 მაისის  43","26 მაისის 43, ქუთაისი, იმერეთი, Georgia"
"191","Studia ADC","სტუდია ""ეიდისი“   ","ა(ა)იპ","სერვისები ბავშვებისათვის; Children","","ბინაზე მოვლა","ბავშვები 6-18 წლამდე ასაკის","გულნარა ბიბილეიშვილი","https://www.facebook.com/%E1%83%A1%E1%83%A2%E1%83%A3%E1%83%93%E1%83%98%E1%83%90-%E1%83%94%E1%83%98-%E1%83%93%E1%83%98-%E1%83%A1%E1%83%98--760959757281912/?hc_ref=ARQ4k3tCw793LnQnd5C93FbihU6RmpgxTacRw8iH4_KckzWFKRpkOXS0zXffhc4N2iI","patatishvili@yandex.ru  datomuchauri@yahoo.com","595037038; 598530679;  591099979","თბილისი","თბილისი","ვაჟა-ფშაველას N76 ბ ","41.7250224","44.7267733194832","ვაჟა-ფშაველას 76 ბ ","ვაჟა-ფშაველას 76 ბ, თბილისი, , Georgia"
"193","Georgian Foundation for Procedural-Orthopedic Rehabilitation","საპროთეზო-ორთოპედიული რეაბილიტაციის ქართული ფონდი","ა(ა)იპ","ზრდასრულთა მომსახურება;Adult/ სერვისები ბავშვებისათვის; Children","","დამხმარე საშუალებები/საპროთეზო-ორთოპედიული","შშმ პირები (მ.შ.ბავშვები)","ირაკლი მებონია","http://gefpor.ge/; https://www.facebook.com/Gefpor-210947892269469/","ortho@gefpor.ge","2-52-00-73;  2-52-28-99;577-426-215;
","თბილისი","თბილისი","ბელიაშვილის ქ. #143-ა ","41.7404426","44.7701596","ბელიაშვილის  143-ა ","ბელიაშვილის 143-ა, თბილისი, , Georgia"
"194","Social Rehabilitation Center for Persons with Disabilities","შეზღუდული შესაძლებლო ბის მქონე პირთა სოციალური რეაბილიტაციის ცენტრი","შპს ","ზრდასრულთა მომსახურება;Adult/ სერვისები ბავშვებისათვის; Children","","დამხმარე საშუალებები/საპროთეზო-ორთოპედიული","შშმ პირები (მ.შ.ბავშვები)","თამილა ერისთავი","http://www.rehabcenter.ge/; ","info@rehabcenter.ge","2-34-80-47; 599-181-336;
","თბილისი","თბილისი","კედიას ქ. №7 ","41.7321835","44.7873183","კედიას  7 ","კედიას 7, თბილისი, , Georgia"
"195","Neurodevelopment Center"," ,, ნეიროგანვითარების ცენტრი”","შპს","სერვისები ბავშვებისათვის; Children","","დამხმარე საშუალებები/საპროთეზო-ორთოპედიული","შშმ  ბავშვები","ეკატერინე არველაძე","http://ndc.ge/","info@ndc.ge","2-52-66-49; 2-52-78-89;599-381-876;
","თბილისი","თბილისი"," ლუბლიანას ქ. № 2/6","41.7704323","44.7748777"," ლუბლიანას   2/6","ლუბლიანას 2/6, თბილისი, , Georgia"
"195","Gudushauri Medical Center","აკად. ო. ღუდუშაურის სახ. ეროვნული სამედიცინო ცენტრი","შპს ","ზრდასრულთა მომსახურება;Adult/ სერვისები ბავშვებისათვის; Children","","დამხმარე საშუალებები/საპროთეზო-ორთოპედიული","შშმ პირები (მ.შ.ბავშვები)","იოსებ ბრეგვაძე","http://gudushauri.ge/ ","info@gudushauri.ge","2-51-87-78;577-77-02-02","თბილისი","თბილისი","ლუბლიანას ქ. 18/20","41.7704323","44.7748777","ლუბლიანას  18/20","ლუბლიანას 18/20, თბილისი, , Georgia"
"196","Coalition for Independent Living","კოალიცია დამოუკიდებელი ცხოვრებისათვის","ა(ა)იპ","ზრდასრულთა მომსახურება;Adult/ სერვისები ბავშვებისათვის; Children","","ეტლები","შშმ პირები (მ.შ.ბავშვები)","გია ძნელაძე","http://www.disability.ge/","g.dzneladze59@gmail.com","2-35-66-09","თბილისი","თბილისი","კედიას ქ. #7","41.7321835","44.7873183","კედიას  7","კედიას 7, თბილისი, , Georgia"
"197","""Kind-Smena"""," ,,კინდ-სმენა“","შპს","ზრდასრულთა მომსახურება;Adult/ სერვისები ბავშვებისათვის; Children","","სმენის აპარატები;კოხლეარული იმპლანტი;რეაბილიტაცია","შშმ პირები (მ.შ.ბავშვები)","ივანე ქევანიშვილი, ალექსანდრე კობალაძე","","skobaladze@kind-smena.com.ge","2-34-52-55","თბილისი","თბილისი","თევდორე მღვდლის ქ. #13","41.7264817","44.7938185","თევდორე მღვდლის  13","თევდორე მღვდლის 13, თბილისი, , Georgia"
"200","""Smenadi""","ააიპ,,სმენადი""","ა(ა)იპ","ზრდასრულთა მომსახურება;Adult/ სერვისები ბავშვებისათვის; Children","","დამხმარე საშუალებები/კოხლეარული იმპლანტი/რეაბილიტაცია","შშმ პირები (მ.შ.ბავშვები)","ირმა კილაძე","","irm.kiladze@yandex.ru","599-953-222","თბილისი","თბილისი","ქ. თბილისი. მცხეთის ქ. 2 შესახვევი.#3. ბინა 1","41.44273","45.79102"," მცხეთის  2 შესახვევი.3. ბინა 1","მცხეთის 2 შესახვევი.3. ბინა 1, თბილისი, , Georgia"
"201","Charity foundation Ai Ia","საქველმოქმედო ფონდი ,,აი-ია""","ა( ა)იპ","ზრდასრულთა მომსახურება;Adult/ სერვისები ბავშვებისათვის; Children","","დამხმარე საშუალებები/კოხლეარული იმპლანტი/რეაბილიტაცია","შშმ პირები (მ.შ.ბავშვები)","ბადრი ბერაია","https://www.facebook.com/aiiafoundation/","info@aiia.org.ge","2-23-69-33","თბილისი","თბილისი","ქ. თბილისი. ბელიაშვილის ქ. #5","41.7614706","44.7799369"," ბელიაშვილის  5","ბელიაშვილის 5, თბილისი, , Georgia"
"202","""Akhali Khedva"""," ,,ახალი ხედვა""","შპს","ზრდასრულთა მომსახურება;Adult/ სერვისები ბავშვებისათვის; Children","","დამხმარე საშუალებები უსინათლოთა ხელჯოხები","შშმ პირები (მ.შ.ბავშვები), ხანდაზმულები","გიორგი მონასელიძე","https://www.facebook.com/%E1%83%90%E1%83%AE%E1%83%90%E1%83%9A%E1%83%98-%E1%83%AE%E1%83%94%E1%83%93%E1%83%95%E1%83%90-Akhali-Khedva-484105871607243/","info@akhalikhedva.ge","2-18-25-38","თბილისი","თბილისი","ქ. თბილისი, გლდანი 2 მ/რ, კორპ.29. ბინა #2","41.44273","45.79102"," თბილისი, გლდანი 2 მ/რ, კორპ.29. ბინა 2","თბილისი, გლდანი 2 მ/რ, კორპ.29. ბინა 2, თბილისი, , Georgia"
"202","""GMP"""," „პი ემ ჯი”","შპს","ზრდასრულთა მომსახურება;Adult/ სერვისები ბავშვებისათვის; Children","","დამხმარე საშუალებები/ყავარჯნები, ხელჯოხ-ყავარჯნები, უსინათლოთა ხელჯოხები და გადასაადგილებელი ჩარჩოები","შშმ პირები (მ.შ.ბავშვები), ხანდაზმულები","ვასილ ქოჩლაძე","","medig@ymail.com","557-040-506","თბილისი","თბილისი","რობაქიძის ქ. # 7","41.7618474","44.7691269","რობაქიძის   7","რობაქიძის 7, თბილისი, , Georgia"
"204","Network of Victims of Violence","ძალადობის მსხვერპლთა ქსელი","ა(ა)იპ","ზრდასრულთა მომსახურება;Adult/ ","","დედათა და ბავშვთა თავშესაფარი","დედა, არასრულწლოვან შვილ(ებ)თან ერთად (48)","ნატო შავლაყაძე","http://ccy.ge/members/dzaladobisgan-dacvis-erovnuli-qseli/","","599570601","თბილისი","თბილისი","","41.6935247","44.8015019","",", თბილისი, , Georgia"
"205","SOS Children's Villages Gerogia","საქართველოს ეს-ო-ეს ბავშვთა სოფელი","ა(ა)იპ","ზრდასრულთა მომსახურება;Adult/ ","","დედათა და ბავშვთა თავშესაფარი","დედა, არასრულწლოვან შვილ(ებ)თან ერთად (48)","ზვიად ბერძენიშვილი    თამარ ჭანტურია  ","http://www.sos-childrensvillages.ge/; https://www.facebook.com/SOSChildrensVillagesGeorgia/","zviad.berdzenishvili@sos-kd.ge    tamar.chanturia@sos-kd.ge                                                                      ","577405934; 577 17 22 44","თბილისი","თბილისი","ჰერმან გმაინერის 1(ნუცუბიძის მე-IV მ/რ)სახლი №11","41.44273","45.79102","ჰერმან გმაინერის 1(ნუცუბიძის მე-IV მ/რ)სახლი 11","ჰერმან გმაინერის 1(ნუცუბიძის მე-IV მ/რ)სახლი 11, თბილისი, , Georgia"
"206","SOS Children's Villages Gerogia","საქართველოს ეს-ო-ეს ბავშვთა სოფელი","ა(ა)იპ","ზრდასრულთა მომსახურება;Adult/ ","","მცირე საოჯახო ტიპის სახლი","დედა, არასრულწლოვან შვილ(ებ)თან ერთად (15)","ზვიად ბერძენიშვილი    თამარ ჭანტურია  ","http://www.sos-childrensvillages.ge/; https://www.facebook.com/SOSChildrensVillagesGeorgia/","zviad.berdzenishvili@sos-kd.ge    tamar.chanturia@sos-kd.ge                                                                      ","577405934; 577 17 22 44","იმერეთი","ქუთაისი","ახაგაზრდობის გამზირი მე-3 შესახვევი სამხერეთ-დასავლეთი N12","41.44273","45.79102","ახაგაზრდობის გამზირი მე-3 შესახვევი სამხერეთ-დასავლეთი 12","ახაგაზრდობის გამზირი მე-3 შესახვევი სამხერეთ-დასავლეთი 12, ქუთაისი, იმერეთი, Georgia"
"207","Society ""Biliki""","საზოგადოება ""ბილიკი""","ა(ა)იპ","ზრდასრულთა მომსახურება;Adult/ ","ხაშური დედათა და ბავშვთა თავშესაფარი ბილიკი/Khashuri Shelter for mothers and children -Biliki","დედათა და ბავშვთა თავშესაფარი","დედა, არასრულწლოვან შვილ(ებ)თან ერთად (10)","მარინა მღებრიშვილი","https://www.facebook.com/societybiliki/; http://www.biliki.ge/index.php/ka-ge/","m.mgerbishvili@biliki.ge ","599 53 40 35 ","შიდა ქართლი","ხაშური","კახა მეტრეველის ქ.N23","41.44273","45.79102","კახა მეტრეველის 23","კახა მეტრეველის 23, ხაშური, შიდა ქართლი, Georgia"
"208","Tbilisi Balneological Resort","თბილისის ბალნეოლოგიური კურორტი","შპს ","ზრდასრულთა მომსახურება;Adult/ ","","ომის მონაწილეთა რეაბილიტაცია","ომის მონაწილეები","ნიკოლოზ სააკაშვილი","","","","თბილისი","თბილისი","გორგასალის ქ. №9","41.6647873","44.8710733","გორგასალის  9","გორგასალის 9, თბილისი, , Georgia"
"210","GPC","გეფა ","სს","სერვისები ბავშვებისათვის; Children","","კრიზისული დახმარება/კვება","ბავშვები 0-1 წლამდე ასაკის","კახაბერ ხაჩიძე","https://www.facebook.com/gpcvizrunoTsicocxleze/posts/1368150499926196","kakha.khachidze@gepha.com ","577 63 03 02","თბილისი","თბილისი","სანაპიროს N 6","41.6984433","44.805853","სანაპიროს  6","სანაპიროს 6, თბილისი, , Georgia"
"211","Aversi-Pharmacy","ავერსი–ფარმა","შპს ","სერვისები ბავშვებისათვის; Children","","კრიზისული დახმარება/კვება","ბავშვები 0-1 წლამდე ასაკის","ეკატერინე მიქელაძე","https://www.facebook.com/AversiPharma/;  https://www.aversi.ge/ka/","eka.mikeladze@aversi.ge","577 76 03 89","თბილისი","თბილისი","აღმაშენებლის N 148","41.71593475","44.7923694728847","აღმაშენებლის  148","აღმაშენებლის 148, თბილისი, , Georgia"
